<?xml version="1.0" encoding="UTF-8"?>
<gpx version="1.0" creator="sykla-engine extract" xmlns="http://www.topografix.com/GPX/1/0">
  <trk>
    <name>Col de la Loze - Upper Half (TdF 2025 Stage 18 finish)</name>
    <desc>Upper half of Col de la Loze climb. 15.1 km, 899 m gain, avg 6.0%</desc>
    <trkseg>
      <trkpt lat="45.427050000" lon="6.639810000">
        <ele>1400.000</ele>
      </trkpt>
      <trkpt lat="45.426990000" lon="6.639810000">
        <ele>1401.000</ele>
      </trkpt>
      <trkpt lat="45.426910000" lon="6.639800000">
        <ele>1402.000</ele>
      </trkpt>
      <trkpt lat="45.426840000" lon="6.639780000">
        <ele>1403.000</ele>
      </trkpt>
      <trkpt lat="45.426700000" lon="6.639710000">
        <ele>1404.000</ele>
      </trkpt>
      <trkpt lat="45.426210000" lon="6.639440000">
        <ele>1407.000</ele>
      </trkpt>
      <trkpt lat="45.426060000" lon="6.639360000">
        <ele>1410.000</ele>
      </trkpt>
      <trkpt lat="45.425980000" lon="6.639340000">
        <ele>1412.000</ele>
      </trkpt>
      <trkpt lat="45.425900000" lon="6.639340000">
        <ele>1413.000</ele>
      </trkpt>
      <trkpt lat="45.425640000" lon="6.639360000">
        <ele>1414.000</ele>
      </trkpt>
      <trkpt lat="45.425470000" lon="6.639400000">
        <ele>1415.000</ele>
      </trkpt>
      <trkpt lat="45.425370000" lon="6.639450000">
        <ele>1416.000</ele>
      </trkpt>
      <trkpt lat="45.425340000" lon="6.639500000">
        <ele>1416.000</ele>
      </trkpt>
      <trkpt lat="45.425320000" lon="6.639530000">
        <ele>1417.000</ele>
      </trkpt>
      <trkpt lat="45.425300000" lon="6.639590000">
        <ele>1417.000</ele>
      </trkpt>
      <trkpt lat="45.425280000" lon="6.639650000">
        <ele>1417.000</ele>
      </trkpt>
      <trkpt lat="45.425270000" lon="6.639730000">
        <ele>1417.000</ele>
      </trkpt>
      <trkpt lat="45.425270000" lon="6.639800000">
        <ele>1417.000</ele>
      </trkpt>
      <trkpt lat="45.425270000" lon="6.639880000">
        <ele>1417.000</ele>
      </trkpt>
      <trkpt lat="45.425300000" lon="6.639980000">
        <ele>1418.000</ele>
      </trkpt>
      <trkpt lat="45.425490000" lon="6.640450000">
        <ele>1418.000</ele>
      </trkpt>
      <trkpt lat="45.425550000" lon="6.640650000">
        <ele>1418.000</ele>
      </trkpt>
      <trkpt lat="45.425570000" lon="6.640790000">
        <ele>1419.000</ele>
      </trkpt>
      <trkpt lat="45.425580000" lon="6.640890000">
        <ele>1419.000</ele>
      </trkpt>
      <trkpt lat="45.425580000" lon="6.641020000">
        <ele>1419.000</ele>
      </trkpt>
      <trkpt lat="45.425560000" lon="6.641140000">
        <ele>1419.000</ele>
      </trkpt>
      <trkpt lat="45.425530000" lon="6.641320000">
        <ele>1419.000</ele>
      </trkpt>
      <trkpt lat="45.425500000" lon="6.641460000">
        <ele>1420.000</ele>
      </trkpt>
      <trkpt lat="45.425420000" lon="6.641700000">
        <ele>1420.000</ele>
      </trkpt>
      <trkpt lat="45.425360000" lon="6.641840000">
        <ele>1420.000</ele>
      </trkpt>
      <trkpt lat="45.424940000" lon="6.642800000">
        <ele>1420.000</ele>
      </trkpt>
      <trkpt lat="45.424860000" lon="6.642930000">
        <ele>1420.000</ele>
      </trkpt>
      <trkpt lat="45.424820000" lon="6.642990000">
        <ele>1420.000</ele>
      </trkpt>
      <trkpt lat="45.424690000" lon="6.643090000">
        <ele>1420.000</ele>
      </trkpt>
      <trkpt lat="45.424570000" lon="6.643150000">
        <ele>1421.000</ele>
      </trkpt>
      <trkpt lat="45.424400000" lon="6.643190000">
        <ele>1422.000</ele>
      </trkpt>
      <trkpt lat="45.424050000" lon="6.643210000">
        <ele>1424.000</ele>
      </trkpt>
      <trkpt lat="45.423960000" lon="6.643230000">
        <ele>1425.000</ele>
      </trkpt>
      <trkpt lat="45.423750000" lon="6.643290000">
        <ele>1427.000</ele>
      </trkpt>
      <trkpt lat="45.423560000" lon="6.643400000">
        <ele>1429.000</ele>
      </trkpt>
      <trkpt lat="45.423390000" lon="6.643530000">
        <ele>1431.000</ele>
      </trkpt>
      <trkpt lat="45.423180000" lon="6.643750000">
        <ele>1433.000</ele>
      </trkpt>
      <trkpt lat="45.422880000" lon="6.644080000">
        <ele>1436.000</ele>
      </trkpt>
      <trkpt lat="45.422140000" lon="6.644920000">
        <ele>1441.000</ele>
      </trkpt>
      <trkpt lat="45.422030000" lon="6.645040000">
        <ele>1445.000</ele>
      </trkpt>
      <trkpt lat="45.421940000" lon="6.645110000">
        <ele>1448.000</ele>
      </trkpt>
      <trkpt lat="45.421820000" lon="6.645170000">
        <ele>1450.000</ele>
      </trkpt>
      <trkpt lat="45.421710000" lon="6.645200000">
        <ele>1452.000</ele>
      </trkpt>
      <trkpt lat="45.421490000" lon="6.645260000">
        <ele>1454.000</ele>
      </trkpt>
      <trkpt lat="45.421280000" lon="6.645350000">
        <ele>1456.000</ele>
      </trkpt>
      <trkpt lat="45.420760000" lon="6.645630000">
        <ele>1460.000</ele>
      </trkpt>
      <trkpt lat="45.419950000" lon="6.646070000">
        <ele>1465.000</ele>
      </trkpt>
      <trkpt lat="45.419790000" lon="6.646140000">
        <ele>1468.000</ele>
      </trkpt>
      <trkpt lat="45.419480000" lon="6.646270000">
        <ele>1472.000</ele>
      </trkpt>
      <trkpt lat="45.419270000" lon="6.646340000">
        <ele>1475.000</ele>
      </trkpt>
      <trkpt lat="45.419090000" lon="6.646390000">
        <ele>1477.000</ele>
      </trkpt>
      <trkpt lat="45.418940000" lon="6.646420000">
        <ele>1479.000</ele>
      </trkpt>
      <trkpt lat="45.418810000" lon="6.646440000">
        <ele>1481.000</ele>
      </trkpt>
      <trkpt lat="45.418690000" lon="6.646430000">
        <ele>1482.000</ele>
      </trkpt>
      <trkpt lat="45.418200000" lon="6.646300000">
        <ele>1484.000</ele>
      </trkpt>
      <trkpt lat="45.418040000" lon="6.646280000">
        <ele>1486.000</ele>
      </trkpt>
      <trkpt lat="45.417860000" lon="6.646270000">
        <ele>1487.000</ele>
      </trkpt>
      <trkpt lat="45.417740000" lon="6.646240000">
        <ele>1489.000</ele>
      </trkpt>
      <trkpt lat="45.417670000" lon="6.646210000">
        <ele>1490.000</ele>
      </trkpt>
      <trkpt lat="45.417620000" lon="6.646170000">
        <ele>1490.000</ele>
      </trkpt>
      <trkpt lat="45.417570000" lon="6.646130000">
        <ele>1491.000</ele>
      </trkpt>
      <trkpt lat="45.417560000" lon="6.646120000">
        <ele>1491.000</ele>
      </trkpt>
      <trkpt lat="45.417540000" lon="6.646090000">
        <ele>1491.000</ele>
      </trkpt>
      <trkpt lat="45.417520000" lon="6.646070000">
        <ele>1492.000</ele>
      </trkpt>
      <trkpt lat="45.417490000" lon="6.646060000">
        <ele>1492.000</ele>
      </trkpt>
      <trkpt lat="45.417460000" lon="6.646070000">
        <ele>1492.000</ele>
      </trkpt>
      <trkpt lat="45.417440000" lon="6.646080000">
        <ele>1492.000</ele>
      </trkpt>
      <trkpt lat="45.417420000" lon="6.646100000">
        <ele>1492.000</ele>
      </trkpt>
      <trkpt lat="45.417410000" lon="6.646120000">
        <ele>1492.000</ele>
      </trkpt>
      <trkpt lat="45.417360000" lon="6.646160000">
        <ele>1493.000</ele>
      </trkpt>
      <trkpt lat="45.417270000" lon="6.646220000">
        <ele>1493.000</ele>
      </trkpt>
      <trkpt lat="45.417210000" lon="6.646250000">
        <ele>1493.000</ele>
      </trkpt>
      <trkpt lat="45.417090000" lon="6.646270000">
        <ele>1493.000</ele>
      </trkpt>
      <trkpt lat="45.416770000" lon="6.646320000">
        <ele>1494.000</ele>
      </trkpt>
      <trkpt lat="45.416530000" lon="6.646380000">
        <ele>1495.000</ele>
      </trkpt>
      <trkpt lat="45.416270000" lon="6.646420000">
        <ele>1495.000</ele>
      </trkpt>
      <trkpt lat="45.416010000" lon="6.646460000">
        <ele>1496.000</ele>
      </trkpt>
      <trkpt lat="45.415820000" lon="6.646490000">
        <ele>1497.000</ele>
      </trkpt>
      <trkpt lat="45.415820000" lon="6.646490000">
        <ele>1497.000</ele>
      </trkpt>
      <trkpt lat="45.415630000" lon="6.646510000">
        <ele>1498.000</ele>
      </trkpt>
      <trkpt lat="45.415530000" lon="6.646530000">
        <ele>1499.000</ele>
      </trkpt>
      <trkpt lat="45.415460000" lon="6.646560000">
        <ele>1500.000</ele>
      </trkpt>
      <trkpt lat="45.415410000" lon="6.646600000">
        <ele>1500.000</ele>
      </trkpt>
      <trkpt lat="45.415360000" lon="6.646660000">
        <ele>1501.000</ele>
      </trkpt>
      <trkpt lat="45.415330000" lon="6.646730000">
        <ele>1501.000</ele>
      </trkpt>
      <trkpt lat="45.415310000" lon="6.646820000">
        <ele>1502.000</ele>
      </trkpt>
      <trkpt lat="45.415310000" lon="6.646900000">
        <ele>1502.000</ele>
      </trkpt>
      <trkpt lat="45.415330000" lon="6.646970000">
        <ele>1503.000</ele>
      </trkpt>
      <trkpt lat="45.415340000" lon="6.647020000">
        <ele>1503.000</ele>
      </trkpt>
      <trkpt lat="45.415370000" lon="6.647060000">
        <ele>1503.000</ele>
      </trkpt>
      <trkpt lat="45.415400000" lon="6.647100000">
        <ele>1504.000</ele>
      </trkpt>
      <trkpt lat="45.415780000" lon="6.647350000">
        <ele>1505.000</ele>
      </trkpt>
      <trkpt lat="45.415870000" lon="6.647420000">
        <ele>1506.000</ele>
      </trkpt>
      <trkpt lat="45.415930000" lon="6.647490000">
        <ele>1507.000</ele>
      </trkpt>
      <trkpt lat="45.416030000" lon="6.647620000">
        <ele>1508.000</ele>
      </trkpt>
      <trkpt lat="45.416120000" lon="6.647760000">
        <ele>1509.000</ele>
      </trkpt>
      <trkpt lat="45.416290000" lon="6.648100000">
        <ele>1510.000</ele>
      </trkpt>
      <trkpt lat="45.416360000" lon="6.648220000">
        <ele>1511.000</ele>
      </trkpt>
      <trkpt lat="45.416430000" lon="6.648310000">
        <ele>1512.000</ele>
      </trkpt>
      <trkpt lat="45.416510000" lon="6.648390000">
        <ele>1512.000</ele>
      </trkpt>
      <trkpt lat="45.416660000" lon="6.648520000">
        <ele>1513.000</ele>
      </trkpt>
      <trkpt lat="45.417180000" lon="6.648920000">
        <ele>1514.000</ele>
      </trkpt>
      <trkpt lat="45.417450000" lon="6.649150000">
        <ele>1516.000</ele>
      </trkpt>
      <trkpt lat="45.417610000" lon="6.649280000">
        <ele>1517.000</ele>
      </trkpt>
      <trkpt lat="45.417680000" lon="6.649340000">
        <ele>1518.000</ele>
      </trkpt>
      <trkpt lat="45.417900000" lon="6.649490000">
        <ele>1519.000</ele>
      </trkpt>
      <trkpt lat="45.418130000" lon="6.649680000">
        <ele>1520.000</ele>
      </trkpt>
      <trkpt lat="45.418440000" lon="6.649920000">
        <ele>1522.000</ele>
      </trkpt>
      <trkpt lat="45.418560000" lon="6.650040000">
        <ele>1524.000</ele>
      </trkpt>
      <trkpt lat="45.418620000" lon="6.650130000">
        <ele>1525.000</ele>
      </trkpt>
      <trkpt lat="45.418680000" lon="6.650230000">
        <ele>1526.000</ele>
      </trkpt>
      <trkpt lat="45.418760000" lon="6.650410000">
        <ele>1527.000</ele>
      </trkpt>
      <trkpt lat="45.418780000" lon="6.650470000">
        <ele>1528.000</ele>
      </trkpt>
      <trkpt lat="45.418920000" lon="6.650780000">
        <ele>1530.000</ele>
      </trkpt>
      <trkpt lat="45.419040000" lon="6.650990000">
        <ele>1531.000</ele>
      </trkpt>
      <trkpt lat="45.419150000" lon="6.651190000">
        <ele>1533.000</ele>
      </trkpt>
      <trkpt lat="45.419220000" lon="6.651310000">
        <ele>1534.000</ele>
      </trkpt>
      <trkpt lat="45.419260000" lon="6.651360000">
        <ele>1535.000</ele>
      </trkpt>
      <trkpt lat="45.419350000" lon="6.651450000">
        <ele>1536.000</ele>
      </trkpt>
      <trkpt lat="45.419410000" lon="6.651510000">
        <ele>1537.000</ele>
      </trkpt>
      <trkpt lat="45.419450000" lon="6.651530000">
        <ele>1538.000</ele>
      </trkpt>
      <trkpt lat="45.419650000" lon="6.651640000">
        <ele>1539.000</ele>
      </trkpt>
      <trkpt lat="45.419730000" lon="6.651740000">
        <ele>1540.000</ele>
      </trkpt>
      <trkpt lat="45.419890000" lon="6.651880000">
        <ele>1541.000</ele>
      </trkpt>
      <trkpt lat="45.420090000" lon="6.652060000">
        <ele>1542.000</ele>
      </trkpt>
      <trkpt lat="45.420230000" lon="6.652130000">
        <ele>1544.000</ele>
      </trkpt>
      <trkpt lat="45.420360000" lon="6.652290000">
        <ele>1545.000</ele>
      </trkpt>
      <trkpt lat="45.420410000" lon="6.652380000">
        <ele>1546.000</ele>
      </trkpt>
      <trkpt lat="45.420430000" lon="6.652460000">
        <ele>1547.000</ele>
      </trkpt>
      <trkpt lat="45.420440000" lon="6.652550000">
        <ele>1548.000</ele>
      </trkpt>
      <trkpt lat="45.420440000" lon="6.652680000">
        <ele>1549.000</ele>
      </trkpt>
      <trkpt lat="45.420420000" lon="6.652780000">
        <ele>1550.000</ele>
      </trkpt>
      <trkpt lat="45.420390000" lon="6.652870000">
        <ele>1551.000</ele>
      </trkpt>
      <trkpt lat="45.420350000" lon="6.652950000">
        <ele>1551.000</ele>
      </trkpt>
      <trkpt lat="45.420310000" lon="6.653000000">
        <ele>1552.000</ele>
      </trkpt>
      <trkpt lat="45.420250000" lon="6.653070000">
        <ele>1552.000</ele>
      </trkpt>
      <trkpt lat="45.420160000" lon="6.653140000">
        <ele>1553.000</ele>
      </trkpt>
      <trkpt lat="45.420090000" lon="6.653180000">
        <ele>1553.000</ele>
      </trkpt>
      <trkpt lat="45.420020000" lon="6.653200000">
        <ele>1554.000</ele>
      </trkpt>
      <trkpt lat="45.419950000" lon="6.653220000">
        <ele>1554.000</ele>
      </trkpt>
      <trkpt lat="45.419880000" lon="6.653230000">
        <ele>1555.000</ele>
      </trkpt>
      <trkpt lat="45.419780000" lon="6.653220000">
        <ele>1556.000</ele>
      </trkpt>
      <trkpt lat="45.419600000" lon="6.653200000">
        <ele>1556.000</ele>
      </trkpt>
      <trkpt lat="45.419390000" lon="6.653170000">
        <ele>1557.000</ele>
      </trkpt>
      <trkpt lat="45.419220000" lon="6.653130000">
        <ele>1558.000</ele>
      </trkpt>
      <trkpt lat="45.419140000" lon="6.653110000">
        <ele>1559.000</ele>
      </trkpt>
      <trkpt lat="45.419030000" lon="6.653070000">
        <ele>1560.000</ele>
      </trkpt>
      <trkpt lat="45.418980000" lon="6.653010000">
        <ele>1561.000</ele>
      </trkpt>
      <trkpt lat="45.418910000" lon="6.652970000">
        <ele>1561.000</ele>
      </trkpt>
      <trkpt lat="45.418850000" lon="6.652920000">
        <ele>1562.000</ele>
      </trkpt>
      <trkpt lat="45.418840000" lon="6.652900000">
        <ele>1562.000</ele>
      </trkpt>
      <trkpt lat="45.418830000" lon="6.652890000">
        <ele>1563.000</ele>
      </trkpt>
      <trkpt lat="45.418810000" lon="6.652880000">
        <ele>1563.000</ele>
      </trkpt>
      <trkpt lat="45.418790000" lon="6.652880000">
        <ele>1563.000</ele>
      </trkpt>
      <trkpt lat="45.418780000" lon="6.652880000">
        <ele>1563.000</ele>
      </trkpt>
      <trkpt lat="45.418730000" lon="6.652850000">
        <ele>1563.000</ele>
      </trkpt>
      <trkpt lat="45.418700000" lon="6.652840000">
        <ele>1564.000</ele>
      </trkpt>
      <trkpt lat="45.418650000" lon="6.652810000">
        <ele>1564.000</ele>
      </trkpt>
      <trkpt lat="45.418570000" lon="6.652780000">
        <ele>1564.000</ele>
      </trkpt>
      <trkpt lat="45.418370000" lon="6.652660000">
        <ele>1565.000</ele>
      </trkpt>
      <trkpt lat="45.418260000" lon="6.652600000">
        <ele>1566.000</ele>
      </trkpt>
      <trkpt lat="45.418030000" lon="6.652450000">
        <ele>1567.000</ele>
      </trkpt>
      <trkpt lat="45.417960000" lon="6.652390000">
        <ele>1567.000</ele>
      </trkpt>
      <trkpt lat="45.417890000" lon="6.652320000">
        <ele>1568.000</ele>
      </trkpt>
      <trkpt lat="45.417810000" lon="6.652210000">
        <ele>1569.000</ele>
      </trkpt>
      <trkpt lat="45.417690000" lon="6.652010000">
        <ele>1569.000</ele>
      </trkpt>
      <trkpt lat="45.417560000" lon="6.651780000">
        <ele>1570.000</ele>
      </trkpt>
      <trkpt lat="45.417530000" lon="6.651720000">
        <ele>1571.000</ele>
      </trkpt>
      <trkpt lat="45.417490000" lon="6.651640000">
        <ele>1572.000</ele>
      </trkpt>
      <trkpt lat="45.417450000" lon="6.651590000">
        <ele>1572.000</ele>
      </trkpt>
      <trkpt lat="45.417430000" lon="6.651560000">
        <ele>1573.000</ele>
      </trkpt>
      <trkpt lat="45.417410000" lon="6.651540000">
        <ele>1573.000</ele>
      </trkpt>
      <trkpt lat="45.417390000" lon="6.651540000">
        <ele>1573.000</ele>
      </trkpt>
      <trkpt lat="45.417370000" lon="6.651540000">
        <ele>1573.000</ele>
      </trkpt>
      <trkpt lat="45.417350000" lon="6.651550000">
        <ele>1574.000</ele>
      </trkpt>
      <trkpt lat="45.417290000" lon="6.651530000">
        <ele>1574.000</ele>
      </trkpt>
      <trkpt lat="45.417200000" lon="6.651480000">
        <ele>1574.000</ele>
      </trkpt>
      <trkpt lat="45.417080000" lon="6.651450000">
        <ele>1575.000</ele>
      </trkpt>
      <trkpt lat="45.417010000" lon="6.651440000">
        <ele>1575.000</ele>
      </trkpt>
      <trkpt lat="45.416930000" lon="6.651420000">
        <ele>1575.000</ele>
      </trkpt>
      <trkpt lat="45.416870000" lon="6.651410000">
        <ele>1575.000</ele>
      </trkpt>
      <trkpt lat="45.416770000" lon="6.651390000">
        <ele>1575.000</ele>
      </trkpt>
      <trkpt lat="45.416640000" lon="6.651350000">
        <ele>1575.000</ele>
      </trkpt>
      <trkpt lat="45.416390000" lon="6.651250000">
        <ele>1575.000</ele>
      </trkpt>
      <trkpt lat="45.416270000" lon="6.651190000">
        <ele>1575.000</ele>
      </trkpt>
      <trkpt lat="45.416150000" lon="6.651090000">
        <ele>1575.000</ele>
      </trkpt>
      <trkpt lat="45.416100000" lon="6.651020000">
        <ele>1575.000</ele>
      </trkpt>
      <trkpt lat="45.415880000" lon="6.650850000">
        <ele>1575.000</ele>
      </trkpt>
      <trkpt lat="45.415600000" lon="6.650630000">
        <ele>1575.000</ele>
      </trkpt>
      <trkpt lat="45.415490000" lon="6.650530000">
        <ele>1575.000</ele>
      </trkpt>
      <trkpt lat="45.415460000" lon="6.650470000">
        <ele>1575.000</ele>
      </trkpt>
      <trkpt lat="45.415450000" lon="6.650440000">
        <ele>1576.000</ele>
      </trkpt>
      <trkpt lat="45.415440000" lon="6.650410000">
        <ele>1576.000</ele>
      </trkpt>
      <trkpt lat="45.415420000" lon="6.650390000">
        <ele>1576.000</ele>
      </trkpt>
      <trkpt lat="45.415400000" lon="6.650380000">
        <ele>1576.000</ele>
      </trkpt>
      <trkpt lat="45.415380000" lon="6.650370000">
        <ele>1576.000</ele>
      </trkpt>
      <trkpt lat="45.415360000" lon="6.650380000">
        <ele>1576.000</ele>
      </trkpt>
      <trkpt lat="45.415340000" lon="6.650390000">
        <ele>1576.000</ele>
      </trkpt>
      <trkpt lat="45.415340000" lon="6.650390000">
        <ele>1576.000</ele>
      </trkpt>
      <trkpt lat="45.415290000" lon="6.650380000">
        <ele>1576.000</ele>
      </trkpt>
      <trkpt lat="45.415240000" lon="6.650370000">
        <ele>1576.000</ele>
      </trkpt>
      <trkpt lat="45.415140000" lon="6.650300000">
        <ele>1577.000</ele>
      </trkpt>
      <trkpt lat="45.414990000" lon="6.650140000">
        <ele>1577.000</ele>
      </trkpt>
      <trkpt lat="45.414790000" lon="6.649910000">
        <ele>1578.000</ele>
      </trkpt>
      <trkpt lat="45.414690000" lon="6.649840000">
        <ele>1579.000</ele>
      </trkpt>
      <trkpt lat="45.414040000" lon="6.649220000">
        <ele>1581.000</ele>
      </trkpt>
      <trkpt lat="45.413980000" lon="6.649170000">
        <ele>1582.000</ele>
      </trkpt>
      <trkpt lat="45.413800000" lon="6.649020000">
        <ele>1583.000</ele>
      </trkpt>
      <trkpt lat="45.413540000" lon="6.648820000">
        <ele>1585.000</ele>
      </trkpt>
      <trkpt lat="45.413340000" lon="6.648700000">
        <ele>1586.000</ele>
      </trkpt>
      <trkpt lat="45.412810000" lon="6.648440000">
        <ele>1588.000</ele>
      </trkpt>
      <trkpt lat="45.412260000" lon="6.648170000">
        <ele>1591.000</ele>
      </trkpt>
      <trkpt lat="45.411560000" lon="6.647800000">
        <ele>1594.000</ele>
      </trkpt>
      <trkpt lat="45.411460000" lon="6.647740000">
        <ele>1597.000</ele>
      </trkpt>
      <trkpt lat="45.411390000" lon="6.647700000">
        <ele>1599.000</ele>
      </trkpt>
      <trkpt lat="45.411340000" lon="6.647680000">
        <ele>1601.000</ele>
      </trkpt>
      <trkpt lat="45.411280000" lon="6.647650000">
        <ele>1602.000</ele>
      </trkpt>
      <trkpt lat="45.411220000" lon="6.647620000">
        <ele>1604.000</ele>
      </trkpt>
      <trkpt lat="45.411030000" lon="6.647530000">
        <ele>1605.000</ele>
      </trkpt>
      <trkpt lat="45.410750000" lon="6.647410000">
        <ele>1607.000</ele>
      </trkpt>
      <trkpt lat="45.410480000" lon="6.647310000">
        <ele>1610.000</ele>
      </trkpt>
      <trkpt lat="45.410290000" lon="6.647290000">
        <ele>1613.000</ele>
      </trkpt>
      <trkpt lat="45.409970000" lon="6.647290000">
        <ele>1616.000</ele>
      </trkpt>
      <trkpt lat="45.409810000" lon="6.647280000">
        <ele>1618.000</ele>
      </trkpt>
      <trkpt lat="45.409700000" lon="6.647250000">
        <ele>1620.000</ele>
      </trkpt>
      <trkpt lat="45.409490000" lon="6.647170000">
        <ele>1622.000</ele>
      </trkpt>
      <trkpt lat="45.409420000" lon="6.647150000">
        <ele>1623.000</ele>
      </trkpt>
      <trkpt lat="45.409360000" lon="6.647150000">
        <ele>1623.000</ele>
      </trkpt>
      <trkpt lat="45.409290000" lon="6.647180000">
        <ele>1624.000</ele>
      </trkpt>
      <trkpt lat="45.409240000" lon="6.647220000">
        <ele>1625.000</ele>
      </trkpt>
      <trkpt lat="45.409120000" lon="6.647310000">
        <ele>1625.000</ele>
      </trkpt>
      <trkpt lat="45.408860000" lon="6.647560000">
        <ele>1626.000</ele>
      </trkpt>
      <trkpt lat="45.408800000" lon="6.647610000">
        <ele>1626.000</ele>
      </trkpt>
      <trkpt lat="45.408770000" lon="6.647630000">
        <ele>1627.000</ele>
      </trkpt>
      <trkpt lat="45.408730000" lon="6.647640000">
        <ele>1627.000</ele>
      </trkpt>
      <trkpt lat="45.408680000" lon="6.647620000">
        <ele>1627.000</ele>
      </trkpt>
      <trkpt lat="45.408650000" lon="6.647610000">
        <ele>1627.000</ele>
      </trkpt>
      <trkpt lat="45.408610000" lon="6.647560000">
        <ele>1627.000</ele>
      </trkpt>
      <trkpt lat="45.408570000" lon="6.647500000">
        <ele>1628.000</ele>
      </trkpt>
      <trkpt lat="45.408550000" lon="6.647450000">
        <ele>1628.000</ele>
      </trkpt>
      <trkpt lat="45.408540000" lon="6.647400000">
        <ele>1628.000</ele>
      </trkpt>
      <trkpt lat="45.408510000" lon="6.647230000">
        <ele>1628.000</ele>
      </trkpt>
      <trkpt lat="45.408460000" lon="6.646450000">
        <ele>1629.000</ele>
      </trkpt>
      <trkpt lat="45.408440000" lon="6.646300000">
        <ele>1630.000</ele>
      </trkpt>
      <trkpt lat="45.408410000" lon="6.646190000">
        <ele>1631.000</ele>
      </trkpt>
      <trkpt lat="45.408370000" lon="6.646110000">
        <ele>1631.000</ele>
      </trkpt>
      <trkpt lat="45.408350000" lon="6.646060000">
        <ele>1632.000</ele>
      </trkpt>
      <trkpt lat="45.408290000" lon="6.646000000">
        <ele>1633.000</ele>
      </trkpt>
      <trkpt lat="45.408190000" lon="6.645930000">
        <ele>1634.000</ele>
      </trkpt>
      <trkpt lat="45.408030000" lon="6.645850000">
        <ele>1635.000</ele>
      </trkpt>
      <trkpt lat="45.407930000" lon="6.645790000">
        <ele>1636.000</ele>
      </trkpt>
      <trkpt lat="45.407820000" lon="6.645690000">
        <ele>1637.000</ele>
      </trkpt>
      <trkpt lat="45.407660000" lon="6.645470000">
        <ele>1638.000</ele>
      </trkpt>
      <trkpt lat="45.407580000" lon="6.645370000">
        <ele>1640.000</ele>
      </trkpt>
      <trkpt lat="45.407500000" lon="6.645310000">
        <ele>1641.000</ele>
      </trkpt>
      <trkpt lat="45.407380000" lon="6.645250000">
        <ele>1642.000</ele>
      </trkpt>
      <trkpt lat="45.407310000" lon="6.645230000">
        <ele>1643.000</ele>
      </trkpt>
      <trkpt lat="45.406990000" lon="6.645180000">
        <ele>1645.000</ele>
      </trkpt>
      <trkpt lat="45.406760000" lon="6.645100000">
        <ele>1647.000</ele>
      </trkpt>
      <trkpt lat="45.406490000" lon="6.645000000">
        <ele>1649.000</ele>
      </trkpt>
      <trkpt lat="45.406370000" lon="6.644970000">
        <ele>1650.000</ele>
      </trkpt>
      <trkpt lat="45.406260000" lon="6.644970000">
        <ele>1652.000</ele>
      </trkpt>
      <trkpt lat="45.406120000" lon="6.644990000">
        <ele>1653.000</ele>
      </trkpt>
      <trkpt lat="45.405910000" lon="6.645060000">
        <ele>1654.000</ele>
      </trkpt>
      <trkpt lat="45.405860000" lon="6.645080000">
        <ele>1656.000</ele>
      </trkpt>
      <trkpt lat="45.405760000" lon="6.645110000">
        <ele>1657.000</ele>
      </trkpt>
      <trkpt lat="45.405690000" lon="6.645130000">
        <ele>1657.000</ele>
      </trkpt>
      <trkpt lat="45.405590000" lon="6.645150000">
        <ele>1658.000</ele>
      </trkpt>
      <trkpt lat="45.405500000" lon="6.645160000">
        <ele>1659.000</ele>
      </trkpt>
      <trkpt lat="45.405370000" lon="6.645170000">
        <ele>1660.000</ele>
      </trkpt>
      <trkpt lat="45.405160000" lon="6.645170000">
        <ele>1661.000</ele>
      </trkpt>
      <trkpt lat="45.405000000" lon="6.645160000">
        <ele>1662.000</ele>
      </trkpt>
      <trkpt lat="45.404910000" lon="6.645150000">
        <ele>1663.000</ele>
      </trkpt>
      <trkpt lat="45.404830000" lon="6.645120000">
        <ele>1664.000</ele>
      </trkpt>
      <trkpt lat="45.404760000" lon="6.645080000">
        <ele>1665.000</ele>
      </trkpt>
      <trkpt lat="45.404710000" lon="6.645040000">
        <ele>1666.000</ele>
      </trkpt>
      <trkpt lat="45.404640000" lon="6.644960000">
        <ele>1666.000</ele>
      </trkpt>
      <trkpt lat="45.404420000" lon="6.644690000">
        <ele>1668.000</ele>
      </trkpt>
      <trkpt lat="45.404320000" lon="6.644550000">
        <ele>1669.000</ele>
      </trkpt>
      <trkpt lat="45.404280000" lon="6.644440000">
        <ele>1670.000</ele>
      </trkpt>
      <trkpt lat="45.404260000" lon="6.644360000">
        <ele>1671.000</ele>
      </trkpt>
      <trkpt lat="45.404250000" lon="6.644310000">
        <ele>1671.000</ele>
      </trkpt>
      <trkpt lat="45.404260000" lon="6.644190000">
        <ele>1672.000</ele>
      </trkpt>
      <trkpt lat="45.404280000" lon="6.644140000">
        <ele>1672.000</ele>
      </trkpt>
      <trkpt lat="45.404310000" lon="6.644080000">
        <ele>1673.000</ele>
      </trkpt>
      <trkpt lat="45.404400000" lon="6.643960000">
        <ele>1674.000</ele>
      </trkpt>
      <trkpt lat="45.404480000" lon="6.643860000">
        <ele>1674.000</ele>
      </trkpt>
      <trkpt lat="45.404570000" lon="6.643770000">
        <ele>1675.000</ele>
      </trkpt>
      <trkpt lat="45.404650000" lon="6.643720000">
        <ele>1676.000</ele>
      </trkpt>
      <trkpt lat="45.404690000" lon="6.643700000">
        <ele>1676.000</ele>
      </trkpt>
      <trkpt lat="45.404780000" lon="6.643680000">
        <ele>1677.000</ele>
      </trkpt>
      <trkpt lat="45.404840000" lon="6.643690000">
        <ele>1677.000</ele>
      </trkpt>
      <trkpt lat="45.405060000" lon="6.643760000">
        <ele>1677.000</ele>
      </trkpt>
      <trkpt lat="45.405140000" lon="6.643770000">
        <ele>1678.000</ele>
      </trkpt>
      <trkpt lat="45.405250000" lon="6.643770000">
        <ele>1678.000</ele>
      </trkpt>
      <trkpt lat="45.405560000" lon="6.643740000">
        <ele>1678.000</ele>
      </trkpt>
      <trkpt lat="45.405630000" lon="6.643730000">
        <ele>1678.000</ele>
      </trkpt>
      <trkpt lat="45.405690000" lon="6.643720000">
        <ele>1678.000</ele>
      </trkpt>
      <trkpt lat="45.405750000" lon="6.643690000">
        <ele>1678.000</ele>
      </trkpt>
      <trkpt lat="45.405810000" lon="6.643650000">
        <ele>1679.000</ele>
      </trkpt>
      <trkpt lat="45.405860000" lon="6.643610000">
        <ele>1679.000</ele>
      </trkpt>
      <trkpt lat="45.406030000" lon="6.643450000">
        <ele>1679.000</ele>
      </trkpt>
      <trkpt lat="45.406130000" lon="6.643330000">
        <ele>1679.000</ele>
      </trkpt>
      <trkpt lat="45.406220000" lon="6.643230000">
        <ele>1679.000</ele>
      </trkpt>
      <trkpt lat="45.406280000" lon="6.643160000">
        <ele>1679.000</ele>
      </trkpt>
      <trkpt lat="45.406320000" lon="6.643130000">
        <ele>1679.000</ele>
      </trkpt>
      <trkpt lat="45.406370000" lon="6.643100000">
        <ele>1679.000</ele>
      </trkpt>
      <trkpt lat="45.406420000" lon="6.643080000">
        <ele>1680.000</ele>
      </trkpt>
      <trkpt lat="45.406490000" lon="6.643060000">
        <ele>1680.000</ele>
      </trkpt>
      <trkpt lat="45.406710000" lon="6.643040000">
        <ele>1681.000</ele>
      </trkpt>
      <trkpt lat="45.407040000" lon="6.643020000">
        <ele>1683.000</ele>
      </trkpt>
      <trkpt lat="45.407160000" lon="6.643000000">
        <ele>1684.000</ele>
      </trkpt>
      <trkpt lat="45.407250000" lon="6.642980000">
        <ele>1685.000</ele>
      </trkpt>
      <trkpt lat="45.407350000" lon="6.642940000">
        <ele>1686.000</ele>
      </trkpt>
      <trkpt lat="45.407470000" lon="6.642870000">
        <ele>1688.000</ele>
      </trkpt>
      <trkpt lat="45.408220000" lon="6.642420000">
        <ele>1691.000</ele>
      </trkpt>
      <trkpt lat="45.408370000" lon="6.642340000">
        <ele>1693.000</ele>
      </trkpt>
      <trkpt lat="45.408450000" lon="6.642310000">
        <ele>1695.000</ele>
      </trkpt>
      <trkpt lat="45.408530000" lon="6.642280000">
        <ele>1696.000</ele>
      </trkpt>
      <trkpt lat="45.409990000" lon="6.641970000">
        <ele>1698.000</ele>
      </trkpt>
      <trkpt lat="45.410360000" lon="6.641890000">
        <ele>1700.000</ele>
      </trkpt>
      <trkpt lat="45.410580000" lon="6.641820000">
        <ele>1703.000</ele>
      </trkpt>
      <trkpt lat="45.410670000" lon="6.641780000">
        <ele>1705.000</ele>
      </trkpt>
      <trkpt lat="45.410750000" lon="6.641730000">
        <ele>1707.000</ele>
      </trkpt>
      <trkpt lat="45.410760000" lon="6.641720000">
        <ele>1708.000</ele>
      </trkpt>
      <trkpt lat="45.410760000" lon="6.641720000">
        <ele>1709.000</ele>
      </trkpt>
      <trkpt lat="45.410810000" lon="6.641680000">
        <ele>1710.000</ele>
      </trkpt>
      <trkpt lat="45.411030000" lon="6.641450000">
        <ele>1711.000</ele>
      </trkpt>
      <trkpt lat="45.411110000" lon="6.641400000">
        <ele>1713.000</ele>
      </trkpt>
      <trkpt lat="45.411230000" lon="6.641330000">
        <ele>1714.000</ele>
      </trkpt>
      <trkpt lat="45.411370000" lon="6.641280000">
        <ele>1716.000</ele>
      </trkpt>
      <trkpt lat="45.411520000" lon="6.641230000">
        <ele>1717.000</ele>
      </trkpt>
      <trkpt lat="45.411700000" lon="6.641210000">
        <ele>1719.000</ele>
      </trkpt>
      <trkpt lat="45.411780000" lon="6.641190000">
        <ele>1720.000</ele>
      </trkpt>
      <trkpt lat="45.411870000" lon="6.641140000">
        <ele>1721.000</ele>
      </trkpt>
      <trkpt lat="45.412050000" lon="6.641030000">
        <ele>1723.000</ele>
      </trkpt>
      <trkpt lat="45.412400000" lon="6.640790000">
        <ele>1724.000</ele>
      </trkpt>
      <trkpt lat="45.412720000" lon="6.640530000">
        <ele>1726.000</ele>
      </trkpt>
      <trkpt lat="45.412860000" lon="6.640390000">
        <ele>1728.000</ele>
      </trkpt>
      <trkpt lat="45.412950000" lon="6.640310000">
        <ele>1729.000</ele>
      </trkpt>
      <trkpt lat="45.412980000" lon="6.640270000">
        <ele>1730.000</ele>
      </trkpt>
      <trkpt lat="45.413060000" lon="6.640180000">
        <ele>1731.000</ele>
      </trkpt>
      <trkpt lat="45.413110000" lon="6.640150000">
        <ele>1732.000</ele>
      </trkpt>
      <trkpt lat="45.413190000" lon="6.640100000">
        <ele>1732.000</ele>
      </trkpt>
      <trkpt lat="45.413220000" lon="6.640090000">
        <ele>1733.000</ele>
      </trkpt>
      <trkpt lat="45.413240000" lon="6.640070000">
        <ele>1733.000</ele>
      </trkpt>
      <trkpt lat="45.413250000" lon="6.640040000">
        <ele>1734.000</ele>
      </trkpt>
      <trkpt lat="45.413260000" lon="6.640000000">
        <ele>1734.000</ele>
      </trkpt>
      <trkpt lat="45.413260000" lon="6.639940000">
        <ele>1734.000</ele>
      </trkpt>
      <trkpt lat="45.413260000" lon="6.639840000">
        <ele>1735.000</ele>
      </trkpt>
      <trkpt lat="45.413280000" lon="6.639750000">
        <ele>1735.000</ele>
      </trkpt>
      <trkpt lat="45.413330000" lon="6.639630000">
        <ele>1735.000</ele>
      </trkpt>
      <trkpt lat="45.413440000" lon="6.639500000">
        <ele>1736.000</ele>
      </trkpt>
      <trkpt lat="45.413570000" lon="6.639390000">
        <ele>1736.000</ele>
      </trkpt>
      <trkpt lat="45.413670000" lon="6.639320000">
        <ele>1737.000</ele>
      </trkpt>
      <trkpt lat="45.413800000" lon="6.639270000">
        <ele>1738.000</ele>
      </trkpt>
      <trkpt lat="45.413910000" lon="6.639220000">
        <ele>1738.000</ele>
      </trkpt>
      <trkpt lat="45.413980000" lon="6.639170000">
        <ele>1739.000</ele>
      </trkpt>
      <trkpt lat="45.414050000" lon="6.639120000">
        <ele>1739.000</ele>
      </trkpt>
      <trkpt lat="45.414100000" lon="6.639060000">
        <ele>1740.000</ele>
      </trkpt>
      <trkpt lat="45.414160000" lon="6.639010000">
        <ele>1740.000</ele>
      </trkpt>
      <trkpt lat="45.414230000" lon="6.638930000">
        <ele>1741.000</ele>
      </trkpt>
      <trkpt lat="45.414260000" lon="6.638880000">
        <ele>1741.000</ele>
      </trkpt>
      <trkpt lat="45.414260000" lon="6.638880000">
        <ele>1741.000</ele>
      </trkpt>
      <trkpt lat="45.414350000" lon="6.638770000">
        <ele>1742.000</ele>
      </trkpt>
      <trkpt lat="45.414450000" lon="6.638600000">
        <ele>1742.000</ele>
      </trkpt>
      <trkpt lat="45.414590000" lon="6.638440000">
        <ele>1743.000</ele>
      </trkpt>
      <trkpt lat="45.414640000" lon="6.638300000">
        <ele>1744.000</ele>
      </trkpt>
      <trkpt lat="45.414700000" lon="6.638190000">
        <ele>1744.000</ele>
      </trkpt>
      <trkpt lat="45.414790000" lon="6.638030000">
        <ele>1744.000</ele>
      </trkpt>
      <trkpt lat="45.414850000" lon="6.637910000">
        <ele>1744.000</ele>
      </trkpt>
      <trkpt lat="45.414880000" lon="6.637860000">
        <ele>1744.000</ele>
      </trkpt>
      <trkpt lat="45.415030000" lon="6.637580000">
        <ele>1744.000</ele>
      </trkpt>
      <trkpt lat="45.415240000" lon="6.637100000">
        <ele>1744.000</ele>
      </trkpt>
      <trkpt lat="45.415310000" lon="6.637010000">
        <ele>1744.000</ele>
      </trkpt>
      <trkpt lat="45.415320000" lon="6.636970000">
        <ele>1744.000</ele>
      </trkpt>
      <trkpt lat="45.415350000" lon="6.636860000">
        <ele>1744.000</ele>
      </trkpt>
      <trkpt lat="45.415480000" lon="6.636540000">
        <ele>1744.000</ele>
      </trkpt>
      <trkpt lat="45.415570000" lon="6.636310000">
        <ele>1744.000</ele>
      </trkpt>
      <trkpt lat="45.415640000" lon="6.636100000">
        <ele>1744.000</ele>
      </trkpt>
      <trkpt lat="45.415680000" lon="6.635940000">
        <ele>1745.000</ele>
      </trkpt>
      <trkpt lat="45.415720000" lon="6.635740000">
        <ele>1745.000</ele>
      </trkpt>
      <trkpt lat="45.415740000" lon="6.635540000">
        <ele>1746.000</ele>
      </trkpt>
      <trkpt lat="45.415760000" lon="6.635280000">
        <ele>1746.000</ele>
      </trkpt>
      <trkpt lat="45.415770000" lon="6.635130000">
        <ele>1747.000</ele>
      </trkpt>
      <trkpt lat="45.415770000" lon="6.634950000">
        <ele>1748.000</ele>
      </trkpt>
      <trkpt lat="45.415750000" lon="6.634870000">
        <ele>1748.000</ele>
      </trkpt>
      <trkpt lat="45.415750000" lon="6.634800000">
        <ele>1749.000</ele>
      </trkpt>
      <trkpt lat="45.415740000" lon="6.634700000">
        <ele>1749.000</ele>
      </trkpt>
      <trkpt lat="45.415700000" lon="6.634520000">
        <ele>1750.000</ele>
      </trkpt>
      <trkpt lat="45.415660000" lon="6.634440000">
        <ele>1751.000</ele>
      </trkpt>
      <trkpt lat="45.415600000" lon="6.634380000">
        <ele>1751.000</ele>
      </trkpt>
      <trkpt lat="45.415550000" lon="6.634360000">
        <ele>1751.000</ele>
      </trkpt>
      <trkpt lat="45.415330000" lon="6.634320000">
        <ele>1752.000</ele>
      </trkpt>
      <trkpt lat="45.415330000" lon="6.634320000">
        <ele>1753.000</ele>
      </trkpt>
      <trkpt lat="45.415170000" lon="6.634310000">
        <ele>1753.000</ele>
      </trkpt>
      <trkpt lat="45.415170000" lon="6.634310000">
        <ele>1754.000</ele>
      </trkpt>
      <trkpt lat="45.415130000" lon="6.634800000">
        <ele>1755.000</ele>
      </trkpt>
      <trkpt lat="45.415080000" lon="6.635410000">
        <ele>1756.000</ele>
      </trkpt>
      <trkpt lat="45.415070000" lon="6.635550000">
        <ele>1757.000</ele>
      </trkpt>
      <trkpt lat="45.415010000" lon="6.635560000">
        <ele>1758.000</ele>
      </trkpt>
      <trkpt lat="45.414980000" lon="6.635540000">
        <ele>1758.000</ele>
      </trkpt>
      <trkpt lat="45.414940000" lon="6.635510000">
        <ele>1759.000</ele>
      </trkpt>
      <trkpt lat="45.414910000" lon="6.635460000">
        <ele>1759.000</ele>
      </trkpt>
      <trkpt lat="45.414890000" lon="6.635400000">
        <ele>1759.000</ele>
      </trkpt>
      <trkpt lat="45.414880000" lon="6.635300000">
        <ele>1760.000</ele>
      </trkpt>
      <trkpt lat="45.414830000" lon="6.634910000">
        <ele>1760.000</ele>
      </trkpt>
      <trkpt lat="45.414830000" lon="6.634910000">
        <ele>1761.000</ele>
      </trkpt>
      <trkpt lat="45.414810000" lon="6.634820000">
        <ele>1761.000</ele>
      </trkpt>
      <trkpt lat="45.414780000" lon="6.634510000">
        <ele>1762.000</ele>
      </trkpt>
      <trkpt lat="45.414760000" lon="6.634430000">
        <ele>1762.000</ele>
      </trkpt>
      <trkpt lat="45.414730000" lon="6.634410000">
        <ele>1763.000</ele>
      </trkpt>
      <trkpt lat="45.414690000" lon="6.634390000">
        <ele>1763.000</ele>
      </trkpt>
      <trkpt lat="45.414650000" lon="6.634390000">
        <ele>1763.000</ele>
      </trkpt>
      <trkpt lat="45.414610000" lon="6.634400000">
        <ele>1764.000</ele>
      </trkpt>
      <trkpt lat="45.414570000" lon="6.634430000">
        <ele>1764.000</ele>
      </trkpt>
      <trkpt lat="45.414540000" lon="6.634480000">
        <ele>1764.000</ele>
      </trkpt>
      <trkpt lat="45.414520000" lon="6.634600000">
        <ele>1764.000</ele>
      </trkpt>
      <trkpt lat="45.414470000" lon="6.635410000">
        <ele>1765.000</ele>
      </trkpt>
      <trkpt lat="45.414460000" lon="6.635650000">
        <ele>1766.000</ele>
      </trkpt>
      <trkpt lat="45.414450000" lon="6.635930000">
        <ele>1767.000</ele>
      </trkpt>
      <trkpt lat="45.414430000" lon="6.636020000">
        <ele>1768.000</ele>
      </trkpt>
      <trkpt lat="45.414410000" lon="6.636080000">
        <ele>1769.000</ele>
      </trkpt>
      <trkpt lat="45.414400000" lon="6.636110000">
        <ele>1770.000</ele>
      </trkpt>
      <trkpt lat="45.414370000" lon="6.636130000">
        <ele>1770.000</ele>
      </trkpt>
      <trkpt lat="45.414340000" lon="6.636150000">
        <ele>1770.000</ele>
      </trkpt>
      <trkpt lat="45.414300000" lon="6.636150000">
        <ele>1771.000</ele>
      </trkpt>
      <trkpt lat="45.414270000" lon="6.636140000">
        <ele>1771.000</ele>
      </trkpt>
      <trkpt lat="45.414230000" lon="6.636120000">
        <ele>1771.000</ele>
      </trkpt>
      <trkpt lat="45.414200000" lon="6.636090000">
        <ele>1771.000</ele>
      </trkpt>
      <trkpt lat="45.414160000" lon="6.635970000">
        <ele>1772.000</ele>
      </trkpt>
      <trkpt lat="45.414100000" lon="6.635710000">
        <ele>1772.000</ele>
      </trkpt>
      <trkpt lat="45.414030000" lon="6.635450000">
        <ele>1773.000</ele>
      </trkpt>
      <trkpt lat="45.413910000" lon="6.635110000">
        <ele>1774.000</ele>
      </trkpt>
      <trkpt lat="45.413830000" lon="6.634970000">
        <ele>1775.000</ele>
      </trkpt>
      <trkpt lat="45.413770000" lon="6.634890000">
        <ele>1776.000</ele>
      </trkpt>
      <trkpt lat="45.413740000" lon="6.634860000">
        <ele>1777.000</ele>
      </trkpt>
      <trkpt lat="45.413700000" lon="6.634840000">
        <ele>1777.000</ele>
      </trkpt>
      <trkpt lat="45.413660000" lon="6.634830000">
        <ele>1777.000</ele>
      </trkpt>
      <trkpt lat="45.413620000" lon="6.634840000">
        <ele>1778.000</ele>
      </trkpt>
      <trkpt lat="45.413580000" lon="6.634870000">
        <ele>1778.000</ele>
      </trkpt>
      <trkpt lat="45.413550000" lon="6.634910000">
        <ele>1779.000</ele>
      </trkpt>
      <trkpt lat="45.413540000" lon="6.634980000">
        <ele>1779.000</ele>
      </trkpt>
      <trkpt lat="45.413530000" lon="6.635080000">
        <ele>1779.000</ele>
      </trkpt>
      <trkpt lat="45.413630000" lon="6.635530000">
        <ele>1781.000</ele>
      </trkpt>
      <trkpt lat="45.413640000" lon="6.635620000">
        <ele>1782.000</ele>
      </trkpt>
      <trkpt lat="45.413640000" lon="6.635720000">
        <ele>1783.000</ele>
      </trkpt>
      <trkpt lat="45.413630000" lon="6.635790000">
        <ele>1783.000</ele>
      </trkpt>
      <trkpt lat="45.413630000" lon="6.635790000">
        <ele>1784.000</ele>
      </trkpt>
      <trkpt lat="45.413620000" lon="6.635820000">
        <ele>1784.000</ele>
      </trkpt>
      <trkpt lat="45.413600000" lon="6.635900000">
        <ele>1785.000</ele>
      </trkpt>
      <trkpt lat="45.413560000" lon="6.635990000">
        <ele>1785.000</ele>
      </trkpt>
      <trkpt lat="45.413500000" lon="6.636060000">
        <ele>1786.000</ele>
      </trkpt>
      <trkpt lat="45.413420000" lon="6.636140000">
        <ele>1786.000</ele>
      </trkpt>
      <trkpt lat="45.413250000" lon="6.636240000">
        <ele>1787.000</ele>
      </trkpt>
      <trkpt lat="45.413170000" lon="6.636270000">
        <ele>1788.000</ele>
      </trkpt>
      <trkpt lat="45.413110000" lon="6.636310000">
        <ele>1789.000</ele>
      </trkpt>
      <trkpt lat="45.413030000" lon="6.636360000">
        <ele>1790.000</ele>
      </trkpt>
      <trkpt lat="45.412950000" lon="6.636430000">
        <ele>1791.000</ele>
      </trkpt>
      <trkpt lat="45.412900000" lon="6.636480000">
        <ele>1791.000</ele>
      </trkpt>
      <trkpt lat="45.412860000" lon="6.636470000">
        <ele>1792.000</ele>
      </trkpt>
      <trkpt lat="45.412830000" lon="6.636470000">
        <ele>1792.000</ele>
      </trkpt>
      <trkpt lat="45.412800000" lon="6.636490000">
        <ele>1793.000</ele>
      </trkpt>
      <trkpt lat="45.412720000" lon="6.636590000">
        <ele>1793.000</ele>
      </trkpt>
      <trkpt lat="45.412650000" lon="6.636680000">
        <ele>1794.000</ele>
      </trkpt>
      <trkpt lat="45.412540000" lon="6.636860000">
        <ele>1795.000</ele>
      </trkpt>
      <trkpt lat="45.412390000" lon="6.637140000">
        <ele>1796.000</ele>
      </trkpt>
      <trkpt lat="45.412310000" lon="6.637270000">
        <ele>1797.000</ele>
      </trkpt>
      <trkpt lat="45.412220000" lon="6.637370000">
        <ele>1797.000</ele>
      </trkpt>
      <trkpt lat="45.412170000" lon="6.637420000">
        <ele>1798.000</ele>
      </trkpt>
      <trkpt lat="45.412090000" lon="6.637480000">
        <ele>1799.000</ele>
      </trkpt>
      <trkpt lat="45.412020000" lon="6.637520000">
        <ele>1799.000</ele>
      </trkpt>
      <trkpt lat="45.411610000" lon="6.637680000">
        <ele>1801.000</ele>
      </trkpt>
      <trkpt lat="45.411480000" lon="6.637720000">
        <ele>1802.000</ele>
      </trkpt>
      <trkpt lat="45.411310000" lon="6.637760000">
        <ele>1803.000</ele>
      </trkpt>
      <trkpt lat="45.410740000" lon="6.637850000">
        <ele>1805.000</ele>
      </trkpt>
      <trkpt lat="45.410740000" lon="6.637850000">
        <ele>1806.000</ele>
      </trkpt>
      <trkpt lat="45.410720000" lon="6.637860000">
        <ele>1807.000</ele>
      </trkpt>
      <trkpt lat="45.410620000" lon="6.637860000">
        <ele>1808.000</ele>
      </trkpt>
      <trkpt lat="45.410570000" lon="6.637850000">
        <ele>1808.000</ele>
      </trkpt>
      <trkpt lat="45.410400000" lon="6.637780000">
        <ele>1809.000</ele>
      </trkpt>
      <trkpt lat="45.410330000" lon="6.637760000">
        <ele>1810.000</ele>
      </trkpt>
      <trkpt lat="45.410250000" lon="6.637760000">
        <ele>1810.000</ele>
      </trkpt>
      <trkpt lat="45.410040000" lon="6.637790000">
        <ele>1811.000</ele>
      </trkpt>
      <trkpt lat="45.410000000" lon="6.637790000">
        <ele>1812.000</ele>
      </trkpt>
      <trkpt lat="45.409970000" lon="6.637770000">
        <ele>1812.000</ele>
      </trkpt>
      <trkpt lat="45.409950000" lon="6.637740000">
        <ele>1813.000</ele>
      </trkpt>
      <trkpt lat="45.409940000" lon="6.637710000">
        <ele>1813.000</ele>
      </trkpt>
      <trkpt lat="45.409950000" lon="6.637640000">
        <ele>1813.000</ele>
      </trkpt>
      <trkpt lat="45.409960000" lon="6.637600000">
        <ele>1813.000</ele>
      </trkpt>
      <trkpt lat="45.409990000" lon="6.637560000">
        <ele>1814.000</ele>
      </trkpt>
      <trkpt lat="45.410030000" lon="6.637530000">
        <ele>1814.000</ele>
      </trkpt>
      <trkpt lat="45.410360000" lon="6.637320000">
        <ele>1815.000</ele>
      </trkpt>
      <trkpt lat="45.410490000" lon="6.637210000">
        <ele>1816.000</ele>
      </trkpt>
      <trkpt lat="45.410610000" lon="6.637150000">
        <ele>1817.000</ele>
      </trkpt>
      <trkpt lat="45.410720000" lon="6.637100000">
        <ele>1817.000</ele>
      </trkpt>
      <trkpt lat="45.410800000" lon="6.637050000">
        <ele>1818.000</ele>
      </trkpt>
      <trkpt lat="45.410840000" lon="6.637000000">
        <ele>1819.000</ele>
      </trkpt>
      <trkpt lat="45.410860000" lon="6.636950000">
        <ele>1819.000</ele>
      </trkpt>
      <trkpt lat="45.410870000" lon="6.636880000">
        <ele>1820.000</ele>
      </trkpt>
      <trkpt lat="45.410870000" lon="6.636810000">
        <ele>1820.000</ele>
      </trkpt>
      <trkpt lat="45.410850000" lon="6.636750000">
        <ele>1821.000</ele>
      </trkpt>
      <trkpt lat="45.410820000" lon="6.636720000">
        <ele>1821.000</ele>
      </trkpt>
      <trkpt lat="45.410770000" lon="6.636690000">
        <ele>1822.000</ele>
      </trkpt>
      <trkpt lat="45.410730000" lon="6.636690000">
        <ele>1822.000</ele>
      </trkpt>
      <trkpt lat="45.410700000" lon="6.636700000">
        <ele>1823.000</ele>
      </trkpt>
      <trkpt lat="45.410460000" lon="6.636860000">
        <ele>1824.000</ele>
      </trkpt>
      <trkpt lat="45.410380000" lon="6.636890000">
        <ele>1825.000</ele>
      </trkpt>
      <trkpt lat="45.410290000" lon="6.636910000">
        <ele>1826.000</ele>
      </trkpt>
      <trkpt lat="45.410210000" lon="6.636920000">
        <ele>1827.000</ele>
      </trkpt>
      <trkpt lat="45.410120000" lon="6.636910000">
        <ele>1827.000</ele>
      </trkpt>
      <trkpt lat="45.409920000" lon="6.636860000">
        <ele>1829.000</ele>
      </trkpt>
      <trkpt lat="45.409720000" lon="6.636830000">
        <ele>1830.000</ele>
      </trkpt>
      <trkpt lat="45.409530000" lon="6.636850000">
        <ele>1832.000</ele>
      </trkpt>
      <trkpt lat="45.409270000" lon="6.636900000">
        <ele>1834.000</ele>
      </trkpt>
      <trkpt lat="45.409020000" lon="6.636920000">
        <ele>1836.000</ele>
      </trkpt>
      <trkpt lat="45.408870000" lon="6.636900000">
        <ele>1837.000</ele>
      </trkpt>
      <trkpt lat="45.408870000" lon="6.636900000">
        <ele>1838.000</ele>
      </trkpt>
      <trkpt lat="45.408740000" lon="6.636890000">
        <ele>1839.000</ele>
      </trkpt>
      <trkpt lat="45.408380000" lon="6.636770000">
        <ele>1841.000</ele>
      </trkpt>
      <trkpt lat="45.408100000" lon="6.636700000">
        <ele>1843.000</ele>
      </trkpt>
      <trkpt lat="45.407960000" lon="6.636670000">
        <ele>1844.000</ele>
      </trkpt>
      <trkpt lat="45.407840000" lon="6.636680000">
        <ele>1845.000</ele>
      </trkpt>
      <trkpt lat="45.407480000" lon="6.636830000">
        <ele>1847.000</ele>
      </trkpt>
      <trkpt lat="45.407210000" lon="6.636900000">
        <ele>1849.000</ele>
      </trkpt>
      <trkpt lat="45.407100000" lon="6.636920000">
        <ele>1850.000</ele>
      </trkpt>
      <trkpt lat="45.407020000" lon="6.636920000">
        <ele>1851.000</ele>
      </trkpt>
      <trkpt lat="45.406950000" lon="6.636910000">
        <ele>1852.000</ele>
      </trkpt>
      <trkpt lat="45.406870000" lon="6.636880000">
        <ele>1853.000</ele>
      </trkpt>
      <trkpt lat="45.406820000" lon="6.636850000">
        <ele>1854.000</ele>
      </trkpt>
      <trkpt lat="45.406820000" lon="6.636810000">
        <ele>1854.000</ele>
      </trkpt>
      <trkpt lat="45.406820000" lon="6.636760000">
        <ele>1855.000</ele>
      </trkpt>
      <trkpt lat="45.406780000" lon="6.636720000">
        <ele>1855.000</ele>
      </trkpt>
      <trkpt lat="45.406750000" lon="6.636710000">
        <ele>1855.000</ele>
      </trkpt>
      <trkpt lat="45.406710000" lon="6.636720000">
        <ele>1856.000</ele>
      </trkpt>
      <trkpt lat="45.406670000" lon="6.636750000">
        <ele>1856.000</ele>
      </trkpt>
      <trkpt lat="45.406650000" lon="6.636780000">
        <ele>1856.000</ele>
      </trkpt>
      <trkpt lat="45.406650000" lon="6.636820000">
        <ele>1856.000</ele>
      </trkpt>
      <trkpt lat="45.406620000" lon="6.636820000">
        <ele>1857.000</ele>
      </trkpt>
      <trkpt lat="45.406400000" lon="6.636810000">
        <ele>1857.000</ele>
      </trkpt>
      <trkpt lat="45.405970000" lon="6.636730000">
        <ele>1859.000</ele>
      </trkpt>
      <trkpt lat="45.405680000" lon="6.636670000">
        <ele>1860.000</ele>
      </trkpt>
      <trkpt lat="45.405460000" lon="6.636630000">
        <ele>1861.000</ele>
      </trkpt>
      <trkpt lat="45.405220000" lon="6.636610000">
        <ele>1862.000</ele>
      </trkpt>
      <trkpt lat="45.405130000" lon="6.636680000">
        <ele>1862.000</ele>
      </trkpt>
      <trkpt lat="45.405030000" lon="6.636750000">
        <ele>1862.000</ele>
      </trkpt>
      <trkpt lat="45.404930000" lon="6.636840000">
        <ele>1862.000</ele>
      </trkpt>
      <trkpt lat="45.404860000" lon="6.636920000">
        <ele>1862.000</ele>
      </trkpt>
      <trkpt lat="45.404830000" lon="6.636960000">
        <ele>1862.000</ele>
      </trkpt>
      <trkpt lat="45.404810000" lon="6.637010000">
        <ele>1862.000</ele>
      </trkpt>
      <trkpt lat="45.404780000" lon="6.637100000">
        <ele>1862.000</ele>
      </trkpt>
      <trkpt lat="45.404760000" lon="6.637240000">
        <ele>1862.000</ele>
      </trkpt>
      <trkpt lat="45.404730000" lon="6.637540000">
        <ele>1862.000</ele>
      </trkpt>
      <trkpt lat="45.404720000" lon="6.637650000">
        <ele>1862.000</ele>
      </trkpt>
      <trkpt lat="45.404690000" lon="6.637780000">
        <ele>1861.000</ele>
      </trkpt>
      <trkpt lat="45.404650000" lon="6.637870000">
        <ele>1861.000</ele>
      </trkpt>
      <trkpt lat="45.404610000" lon="6.637940000">
        <ele>1861.000</ele>
      </trkpt>
      <trkpt lat="45.404570000" lon="6.637980000">
        <ele>1861.000</ele>
      </trkpt>
      <trkpt lat="45.404520000" lon="6.638020000">
        <ele>1861.000</ele>
      </trkpt>
      <trkpt lat="45.404440000" lon="6.638050000">
        <ele>1861.000</ele>
      </trkpt>
      <trkpt lat="45.404100000" lon="6.638110000">
        <ele>1862.000</ele>
      </trkpt>
      <trkpt lat="45.403960000" lon="6.638130000">
        <ele>1863.000</ele>
      </trkpt>
      <trkpt lat="45.403440000" lon="6.638180000">
        <ele>1865.000</ele>
      </trkpt>
      <trkpt lat="45.403210000" lon="6.638190000">
        <ele>1867.000</ele>
      </trkpt>
      <trkpt lat="45.402810000" lon="6.638150000">
        <ele>1870.000</ele>
      </trkpt>
      <trkpt lat="45.402810000" lon="6.638150000">
        <ele>1872.000</ele>
      </trkpt>
      <trkpt lat="45.402600000" lon="6.638130000">
        <ele>1874.000</ele>
      </trkpt>
      <trkpt lat="45.402270000" lon="6.638150000">
        <ele>1876.000</ele>
      </trkpt>
      <trkpt lat="45.402150000" lon="6.638170000">
        <ele>1877.000</ele>
      </trkpt>
      <trkpt lat="45.402050000" lon="6.638200000">
        <ele>1879.000</ele>
      </trkpt>
      <trkpt lat="45.401970000" lon="6.638240000">
        <ele>1880.000</ele>
      </trkpt>
      <trkpt lat="45.401690000" lon="6.638420000">
        <ele>1881.000</ele>
      </trkpt>
      <trkpt lat="45.401650000" lon="6.638440000">
        <ele>1883.000</ele>
      </trkpt>
      <trkpt lat="45.401620000" lon="6.638430000">
        <ele>1883.000</ele>
      </trkpt>
      <trkpt lat="45.401590000" lon="6.638420000">
        <ele>1884.000</ele>
      </trkpt>
      <trkpt lat="45.401580000" lon="6.638390000">
        <ele>1884.000</ele>
      </trkpt>
      <trkpt lat="45.401570000" lon="6.638360000">
        <ele>1885.000</ele>
      </trkpt>
      <trkpt lat="45.401570000" lon="6.638320000">
        <ele>1885.000</ele>
      </trkpt>
      <trkpt lat="45.401590000" lon="6.638280000">
        <ele>1885.000</ele>
      </trkpt>
      <trkpt lat="45.401620000" lon="6.638230000">
        <ele>1886.000</ele>
      </trkpt>
      <trkpt lat="45.401860000" lon="6.637980000">
        <ele>1887.000</ele>
      </trkpt>
      <trkpt lat="45.401880000" lon="6.637930000">
        <ele>1887.000</ele>
      </trkpt>
      <trkpt lat="45.401890000" lon="6.637890000">
        <ele>1888.000</ele>
      </trkpt>
      <trkpt lat="45.401890000" lon="6.637840000">
        <ele>1888.000</ele>
      </trkpt>
      <trkpt lat="45.401870000" lon="6.637800000">
        <ele>1889.000</ele>
      </trkpt>
      <trkpt lat="45.401840000" lon="6.637780000">
        <ele>1889.000</ele>
      </trkpt>
      <trkpt lat="45.401810000" lon="6.637780000">
        <ele>1889.000</ele>
      </trkpt>
      <trkpt lat="45.401760000" lon="6.637800000">
        <ele>1890.000</ele>
      </trkpt>
      <trkpt lat="45.401500000" lon="6.638030000">
        <ele>1891.000</ele>
      </trkpt>
      <trkpt lat="45.401420000" lon="6.638080000">
        <ele>1891.000</ele>
      </trkpt>
      <trkpt lat="45.401240000" lon="6.638130000">
        <ele>1893.000</ele>
      </trkpt>
      <trkpt lat="45.401010000" lon="6.638160000">
        <ele>1894.000</ele>
      </trkpt>
      <trkpt lat="45.400740000" lon="6.638250000">
        <ele>1896.000</ele>
      </trkpt>
      <trkpt lat="45.400710000" lon="6.638240000">
        <ele>1897.000</ele>
      </trkpt>
      <trkpt lat="45.400690000" lon="6.638220000">
        <ele>1898.000</ele>
      </trkpt>
      <trkpt lat="45.400680000" lon="6.638180000">
        <ele>1899.000</ele>
      </trkpt>
      <trkpt lat="45.400680000" lon="6.638120000">
        <ele>1899.000</ele>
      </trkpt>
      <trkpt lat="45.400700000" lon="6.638080000">
        <ele>1900.000</ele>
      </trkpt>
      <trkpt lat="45.400850000" lon="6.637920000">
        <ele>1901.000</ele>
      </trkpt>
      <trkpt lat="45.400890000" lon="6.637850000">
        <ele>1902.000</ele>
      </trkpt>
      <trkpt lat="45.400930000" lon="6.637740000">
        <ele>1902.000</ele>
      </trkpt>
      <trkpt lat="45.400950000" lon="6.637620000">
        <ele>1903.000</ele>
      </trkpt>
      <trkpt lat="45.400960000" lon="6.637520000">
        <ele>1904.000</ele>
      </trkpt>
      <trkpt lat="45.400950000" lon="6.637430000">
        <ele>1904.000</ele>
      </trkpt>
      <trkpt lat="45.400920000" lon="6.637330000">
        <ele>1905.000</ele>
      </trkpt>
      <trkpt lat="45.400820000" lon="6.637040000">
        <ele>1906.000</ele>
      </trkpt>
      <trkpt lat="45.400800000" lon="6.636950000">
        <ele>1907.000</ele>
      </trkpt>
      <trkpt lat="45.400780000" lon="6.636860000">
        <ele>1908.000</ele>
      </trkpt>
      <trkpt lat="45.400780000" lon="6.636760000">
        <ele>1908.000</ele>
      </trkpt>
      <trkpt lat="45.400780000" lon="6.636570000">
        <ele>1909.000</ele>
      </trkpt>
      <trkpt lat="45.400770000" lon="6.636520000">
        <ele>1910.000</ele>
      </trkpt>
      <trkpt lat="45.400750000" lon="6.636470000">
        <ele>1910.000</ele>
      </trkpt>
      <trkpt lat="45.400720000" lon="6.636440000">
        <ele>1910.000</ele>
      </trkpt>
      <trkpt lat="45.400690000" lon="6.636430000">
        <ele>1911.000</ele>
      </trkpt>
      <trkpt lat="45.400660000" lon="6.636440000">
        <ele>1911.000</ele>
      </trkpt>
      <trkpt lat="45.400610000" lon="6.636470000">
        <ele>1911.000</ele>
      </trkpt>
      <trkpt lat="45.400580000" lon="6.636510000">
        <ele>1912.000</ele>
      </trkpt>
      <trkpt lat="45.400520000" lon="6.636620000">
        <ele>1912.000</ele>
      </trkpt>
      <trkpt lat="45.400450000" lon="6.636850000">
        <ele>1913.000</ele>
      </trkpt>
      <trkpt lat="45.400320000" lon="6.637360000">
        <ele>1914.000</ele>
      </trkpt>
      <trkpt lat="45.400280000" lon="6.637450000">
        <ele>1915.000</ele>
      </trkpt>
      <trkpt lat="45.400240000" lon="6.637500000">
        <ele>1915.000</ele>
      </trkpt>
      <trkpt lat="45.400210000" lon="6.637530000">
        <ele>1916.000</ele>
      </trkpt>
      <trkpt lat="45.400170000" lon="6.637530000">
        <ele>1916.000</ele>
      </trkpt>
      <trkpt lat="45.400130000" lon="6.637520000">
        <ele>1917.000</ele>
      </trkpt>
      <trkpt lat="45.400110000" lon="6.637490000">
        <ele>1917.000</ele>
      </trkpt>
      <trkpt lat="45.400080000" lon="6.637420000">
        <ele>1917.000</ele>
      </trkpt>
      <trkpt lat="45.400030000" lon="6.637060000">
        <ele>1918.000</ele>
      </trkpt>
      <trkpt lat="45.399880000" lon="6.636360000">
        <ele>1919.000</ele>
      </trkpt>
      <trkpt lat="45.399840000" lon="6.636200000">
        <ele>1921.000</ele>
      </trkpt>
      <trkpt lat="45.399800000" lon="6.635970000">
        <ele>1922.000</ele>
      </trkpt>
      <trkpt lat="45.399790000" lon="6.635820000">
        <ele>1923.000</ele>
      </trkpt>
      <trkpt lat="45.399840000" lon="6.635820000">
        <ele>1923.000</ele>
      </trkpt>
      <trkpt lat="45.399840000" lon="6.635740000">
        <ele>1924.000</ele>
      </trkpt>
      <trkpt lat="45.399840000" lon="6.635740000">
        <ele>1924.000</ele>
      </trkpt>
      <trkpt lat="45.399870000" lon="6.635510000">
        <ele>1925.000</ele>
      </trkpt>
      <trkpt lat="45.399880000" lon="6.635490000">
        <ele>1925.000</ele>
      </trkpt>
      <trkpt lat="45.399880000" lon="6.635470000">
        <ele>1925.000</ele>
      </trkpt>
      <trkpt lat="45.399890000" lon="6.635410000">
        <ele>1926.000</ele>
      </trkpt>
      <trkpt lat="45.399900000" lon="6.635340000">
        <ele>1926.000</ele>
      </trkpt>
      <trkpt lat="45.399900000" lon="6.635240000">
        <ele>1926.000</ele>
      </trkpt>
      <trkpt lat="45.399900000" lon="6.635180000">
        <ele>1926.000</ele>
      </trkpt>
      <trkpt lat="45.399920000" lon="6.635080000">
        <ele>1927.000</ele>
      </trkpt>
      <trkpt lat="45.399950000" lon="6.634990000">
        <ele>1927.000</ele>
      </trkpt>
      <trkpt lat="45.399950000" lon="6.634980000">
        <ele>1927.000</ele>
      </trkpt>
      <trkpt lat="45.399950000" lon="6.634970000">
        <ele>1927.000</ele>
      </trkpt>
      <trkpt lat="45.399980000" lon="6.634790000">
        <ele>1928.000</ele>
      </trkpt>
      <trkpt lat="45.399990000" lon="6.634700000">
        <ele>1928.000</ele>
      </trkpt>
      <trkpt lat="45.400030000" lon="6.634520000">
        <ele>1929.000</ele>
      </trkpt>
      <trkpt lat="45.400060000" lon="6.634410000">
        <ele>1929.000</ele>
      </trkpt>
      <trkpt lat="45.400070000" lon="6.634370000">
        <ele>1929.000</ele>
      </trkpt>
      <trkpt lat="45.400080000" lon="6.634250000">
        <ele>1930.000</ele>
      </trkpt>
      <trkpt lat="45.400080000" lon="6.634150000">
        <ele>1930.000</ele>
      </trkpt>
      <trkpt lat="45.400080000" lon="6.634140000">
        <ele>1930.000</ele>
      </trkpt>
      <trkpt lat="45.400080000" lon="6.634140000">
        <ele>1931.000</ele>
      </trkpt>
      <trkpt lat="45.400080000" lon="6.634110000">
        <ele>1931.000</ele>
      </trkpt>
      <trkpt lat="45.400090000" lon="6.633920000">
        <ele>1931.000</ele>
      </trkpt>
      <trkpt lat="45.400100000" lon="6.633720000">
        <ele>1932.000</ele>
      </trkpt>
      <trkpt lat="45.400120000" lon="6.633650000">
        <ele>1932.000</ele>
      </trkpt>
      <trkpt lat="45.400130000" lon="6.633620000">
        <ele>1932.000</ele>
      </trkpt>
      <trkpt lat="45.400170000" lon="6.633520000">
        <ele>1933.000</ele>
      </trkpt>
      <trkpt lat="45.400210000" lon="6.633430000">
        <ele>1933.000</ele>
      </trkpt>
      <trkpt lat="45.400210000" lon="6.633420000">
        <ele>1933.000</ele>
      </trkpt>
      <trkpt lat="45.400290000" lon="6.633320000">
        <ele>1934.000</ele>
      </trkpt>
      <trkpt lat="45.400350000" lon="6.633220000">
        <ele>1934.000</ele>
      </trkpt>
      <trkpt lat="45.400440000" lon="6.633120000">
        <ele>1935.000</ele>
      </trkpt>
      <trkpt lat="45.400480000" lon="6.633090000">
        <ele>1935.000</ele>
      </trkpt>
      <trkpt lat="45.400540000" lon="6.633030000">
        <ele>1935.000</ele>
      </trkpt>
      <trkpt lat="45.400630000" lon="6.632950000">
        <ele>1936.000</ele>
      </trkpt>
      <trkpt lat="45.400800000" lon="6.632870000">
        <ele>1936.000</ele>
      </trkpt>
      <trkpt lat="45.400850000" lon="6.632850000">
        <ele>1937.000</ele>
      </trkpt>
      <trkpt lat="45.400970000" lon="6.632800000">
        <ele>1938.000</ele>
      </trkpt>
      <trkpt lat="45.401120000" lon="6.632760000">
        <ele>1938.000</ele>
      </trkpt>
      <trkpt lat="45.401270000" lon="6.632700000">
        <ele>1939.000</ele>
      </trkpt>
      <trkpt lat="45.401320000" lon="6.632690000">
        <ele>1939.000</ele>
      </trkpt>
      <trkpt lat="45.401400000" lon="6.632660000">
        <ele>1940.000</ele>
      </trkpt>
      <trkpt lat="45.401500000" lon="6.632630000">
        <ele>1940.000</ele>
      </trkpt>
      <trkpt lat="45.401520000" lon="6.632630000">
        <ele>1940.000</ele>
      </trkpt>
      <trkpt lat="45.401650000" lon="6.632580000">
        <ele>1941.000</ele>
      </trkpt>
      <trkpt lat="45.401670000" lon="6.632570000">
        <ele>1941.000</ele>
      </trkpt>
      <trkpt lat="45.401760000" lon="6.632520000">
        <ele>1941.000</ele>
      </trkpt>
      <trkpt lat="45.401850000" lon="6.632420000">
        <ele>1942.000</ele>
      </trkpt>
      <trkpt lat="45.401920000" lon="6.632310000">
        <ele>1942.000</ele>
      </trkpt>
      <trkpt lat="45.401960000" lon="6.632260000">
        <ele>1942.000</ele>
      </trkpt>
      <trkpt lat="45.402000000" lon="6.632200000">
        <ele>1943.000</ele>
      </trkpt>
      <trkpt lat="45.402080000" lon="6.632070000">
        <ele>1943.000</ele>
      </trkpt>
      <trkpt lat="45.402090000" lon="6.632060000">
        <ele>1943.000</ele>
      </trkpt>
      <trkpt lat="45.402190000" lon="6.631900000">
        <ele>1944.000</ele>
      </trkpt>
      <trkpt lat="45.402200000" lon="6.631880000">
        <ele>1944.000</ele>
      </trkpt>
      <trkpt lat="45.402270000" lon="6.631750000">
        <ele>1944.000</ele>
      </trkpt>
      <trkpt lat="45.402320000" lon="6.631700000">
        <ele>1944.000</ele>
      </trkpt>
      <trkpt lat="45.402360000" lon="6.631650000">
        <ele>1945.000</ele>
      </trkpt>
      <trkpt lat="45.402440000" lon="6.631600000">
        <ele>1945.000</ele>
      </trkpt>
      <trkpt lat="45.402480000" lon="6.631580000">
        <ele>1945.000</ele>
      </trkpt>
      <trkpt lat="45.402500000" lon="6.631570000">
        <ele>1945.000</ele>
      </trkpt>
      <trkpt lat="45.402600000" lon="6.631540000">
        <ele>1946.000</ele>
      </trkpt>
      <trkpt lat="45.402720000" lon="6.631510000">
        <ele>1946.000</ele>
      </trkpt>
      <trkpt lat="45.402790000" lon="6.631470000">
        <ele>1946.000</ele>
      </trkpt>
      <trkpt lat="45.402880000" lon="6.631370000">
        <ele>1947.000</ele>
      </trkpt>
      <trkpt lat="45.402880000" lon="6.631370000">
        <ele>1948.000</ele>
      </trkpt>
      <trkpt lat="45.402800000" lon="6.631310000">
        <ele>1949.000</ele>
      </trkpt>
      <trkpt lat="45.402720000" lon="6.631250000">
        <ele>1950.000</ele>
      </trkpt>
      <trkpt lat="45.402640000" lon="6.631180000">
        <ele>1951.000</ele>
      </trkpt>
      <trkpt lat="45.402570000" lon="6.631120000">
        <ele>1952.000</ele>
      </trkpt>
      <trkpt lat="45.402480000" lon="6.631050000">
        <ele>1953.000</ele>
      </trkpt>
      <trkpt lat="45.402460000" lon="6.631040000">
        <ele>1954.000</ele>
      </trkpt>
      <trkpt lat="45.402330000" lon="6.630920000">
        <ele>1955.000</ele>
      </trkpt>
      <trkpt lat="45.402260000" lon="6.630860000">
        <ele>1956.000</ele>
      </trkpt>
      <trkpt lat="45.402230000" lon="6.630830000">
        <ele>1957.000</ele>
      </trkpt>
      <trkpt lat="45.402180000" lon="6.630780000">
        <ele>1958.000</ele>
      </trkpt>
      <trkpt lat="45.402120000" lon="6.630700000">
        <ele>1959.000</ele>
      </trkpt>
      <trkpt lat="45.402090000" lon="6.630660000">
        <ele>1960.000</ele>
      </trkpt>
      <trkpt lat="45.402080000" lon="6.630640000">
        <ele>1961.000</ele>
      </trkpt>
      <trkpt lat="45.402060000" lon="6.630590000">
        <ele>1961.000</ele>
      </trkpt>
      <trkpt lat="45.402040000" lon="6.630560000">
        <ele>1962.000</ele>
      </trkpt>
      <trkpt lat="45.402020000" lon="6.630490000">
        <ele>1962.000</ele>
      </trkpt>
      <trkpt lat="45.402010000" lon="6.630440000">
        <ele>1963.000</ele>
      </trkpt>
      <trkpt lat="45.401960000" lon="6.630300000">
        <ele>1964.000</ele>
      </trkpt>
      <trkpt lat="45.401940000" lon="6.630260000">
        <ele>1964.000</ele>
      </trkpt>
      <trkpt lat="45.401910000" lon="6.630210000">
        <ele>1965.000</ele>
      </trkpt>
      <trkpt lat="45.401870000" lon="6.630170000">
        <ele>1966.000</ele>
      </trkpt>
      <trkpt lat="45.401860000" lon="6.630170000">
        <ele>1966.000</ele>
      </trkpt>
      <trkpt lat="45.401830000" lon="6.630160000">
        <ele>1967.000</ele>
      </trkpt>
      <trkpt lat="45.401700000" lon="6.629980000">
        <ele>1968.000</ele>
      </trkpt>
      <trkpt lat="45.401580000" lon="6.629800000">
        <ele>1969.000</ele>
      </trkpt>
      <trkpt lat="45.401490000" lon="6.629670000">
        <ele>1971.000</ele>
      </trkpt>
      <trkpt lat="45.401460000" lon="6.629610000">
        <ele>1972.000</ele>
      </trkpt>
      <trkpt lat="45.401350000" lon="6.629410000">
        <ele>1974.000</ele>
      </trkpt>
      <trkpt lat="45.401300000" lon="6.629330000">
        <ele>1975.000</ele>
      </trkpt>
      <trkpt lat="45.401240000" lon="6.629210000">
        <ele>1977.000</ele>
      </trkpt>
      <trkpt lat="45.401160000" lon="6.629070000">
        <ele>1978.000</ele>
      </trkpt>
      <trkpt lat="45.401120000" lon="6.629010000">
        <ele>1980.000</ele>
      </trkpt>
      <trkpt lat="45.401060000" lon="6.628920000">
        <ele>1981.000</ele>
      </trkpt>
      <trkpt lat="45.400990000" lon="6.628840000">
        <ele>1982.000</ele>
      </trkpt>
      <trkpt lat="45.400950000" lon="6.628780000">
        <ele>1983.000</ele>
      </trkpt>
      <trkpt lat="45.400860000" lon="6.628660000">
        <ele>1984.000</ele>
      </trkpt>
      <trkpt lat="45.400790000" lon="6.628560000">
        <ele>1986.000</ele>
      </trkpt>
      <trkpt lat="45.400750000" lon="6.628460000">
        <ele>1987.000</ele>
      </trkpt>
      <trkpt lat="45.400670000" lon="6.628300000">
        <ele>1988.000</ele>
      </trkpt>
      <trkpt lat="45.400640000" lon="6.628250000">
        <ele>1989.000</ele>
      </trkpt>
      <trkpt lat="45.400520000" lon="6.628060000">
        <ele>1991.000</ele>
      </trkpt>
      <trkpt lat="45.400480000" lon="6.627980000">
        <ele>1992.000</ele>
      </trkpt>
      <trkpt lat="45.400400000" lon="6.627880000">
        <ele>1994.000</ele>
      </trkpt>
      <trkpt lat="45.400360000" lon="6.627820000">
        <ele>1995.000</ele>
      </trkpt>
      <trkpt lat="45.400260000" lon="6.627720000">
        <ele>1996.000</ele>
      </trkpt>
      <trkpt lat="45.400160000" lon="6.627610000">
        <ele>1997.000</ele>
      </trkpt>
      <trkpt lat="45.399950000" lon="6.627420000">
        <ele>1999.000</ele>
      </trkpt>
      <trkpt lat="45.399820000" lon="6.627270000">
        <ele>2001.000</ele>
      </trkpt>
      <trkpt lat="45.399680000" lon="6.627110000">
        <ele>2003.000</ele>
      </trkpt>
      <trkpt lat="45.399670000" lon="6.627090000">
        <ele>2004.000</ele>
      </trkpt>
      <trkpt lat="45.399560000" lon="6.626910000">
        <ele>2006.000</ele>
      </trkpt>
      <trkpt lat="45.399530000" lon="6.626860000">
        <ele>2007.000</ele>
      </trkpt>
      <trkpt lat="45.399400000" lon="6.626560000">
        <ele>2008.000</ele>
      </trkpt>
      <trkpt lat="45.399380000" lon="6.626480000">
        <ele>2010.000</ele>
      </trkpt>
      <trkpt lat="45.399330000" lon="6.626310000">
        <ele>2011.000</ele>
      </trkpt>
      <trkpt lat="45.399300000" lon="6.626250000">
        <ele>2012.000</ele>
      </trkpt>
      <trkpt lat="45.399220000" lon="6.626040000">
        <ele>2014.000</ele>
      </trkpt>
      <trkpt lat="45.399210000" lon="6.626020000">
        <ele>2015.000</ele>
      </trkpt>
      <trkpt lat="45.399110000" lon="6.625820000">
        <ele>2016.000</ele>
      </trkpt>
      <trkpt lat="45.399080000" lon="6.625760000">
        <ele>2017.000</ele>
      </trkpt>
      <trkpt lat="45.399000000" lon="6.625610000">
        <ele>2018.000</ele>
      </trkpt>
      <trkpt lat="45.398910000" lon="6.625420000">
        <ele>2019.000</ele>
      </trkpt>
      <trkpt lat="45.398910000" lon="6.625420000">
        <ele>2020.000</ele>
      </trkpt>
      <trkpt lat="45.398910000" lon="6.625410000">
        <ele>2021.000</ele>
      </trkpt>
      <trkpt lat="45.398780000" lon="6.625210000">
        <ele>2022.000</ele>
      </trkpt>
      <trkpt lat="45.398760000" lon="6.625190000">
        <ele>2023.000</ele>
      </trkpt>
      <trkpt lat="45.398670000" lon="6.625100000">
        <ele>2024.000</ele>
      </trkpt>
      <trkpt lat="45.398630000" lon="6.625070000">
        <ele>2025.000</ele>
      </trkpt>
      <trkpt lat="45.398530000" lon="6.625000000">
        <ele>2026.000</ele>
      </trkpt>
      <trkpt lat="45.398380000" lon="6.624890000">
        <ele>2027.000</ele>
      </trkpt>
      <trkpt lat="45.398230000" lon="6.624690000">
        <ele>2029.000</ele>
      </trkpt>
      <trkpt lat="45.398190000" lon="6.624630000">
        <ele>2030.000</ele>
      </trkpt>
      <trkpt lat="45.398060000" lon="6.624450000">
        <ele>2031.000</ele>
      </trkpt>
      <trkpt lat="45.398000000" lon="6.624350000">
        <ele>2033.000</ele>
      </trkpt>
      <trkpt lat="45.397930000" lon="6.624270000">
        <ele>2034.000</ele>
      </trkpt>
      <trkpt lat="45.397800000" lon="6.624110000">
        <ele>2036.000</ele>
      </trkpt>
      <trkpt lat="45.397780000" lon="6.624090000">
        <ele>2037.000</ele>
      </trkpt>
      <trkpt lat="45.397680000" lon="6.623950000">
        <ele>2038.000</ele>
      </trkpt>
      <trkpt lat="45.397640000" lon="6.623900000">
        <ele>2039.000</ele>
      </trkpt>
      <trkpt lat="45.397620000" lon="6.623850000">
        <ele>2040.000</ele>
      </trkpt>
      <trkpt lat="45.397610000" lon="6.623840000">
        <ele>2041.000</ele>
      </trkpt>
      <trkpt lat="45.397560000" lon="6.623760000">
        <ele>2042.000</ele>
      </trkpt>
      <trkpt lat="45.397490000" lon="6.623650000">
        <ele>2043.000</ele>
      </trkpt>
      <trkpt lat="45.397430000" lon="6.623590000">
        <ele>2044.000</ele>
      </trkpt>
      <trkpt lat="45.397290000" lon="6.623430000">
        <ele>2045.000</ele>
      </trkpt>
      <trkpt lat="45.397280000" lon="6.623420000">
        <ele>2046.000</ele>
      </trkpt>
      <trkpt lat="45.397190000" lon="6.623300000">
        <ele>2047.000</ele>
      </trkpt>
      <trkpt lat="45.397160000" lon="6.623260000">
        <ele>2048.000</ele>
      </trkpt>
      <trkpt lat="45.397110000" lon="6.623200000">
        <ele>2049.000</ele>
      </trkpt>
      <trkpt lat="45.397050000" lon="6.623090000">
        <ele>2050.000</ele>
      </trkpt>
      <trkpt lat="45.397040000" lon="6.623060000">
        <ele>2051.000</ele>
      </trkpt>
      <trkpt lat="45.396950000" lon="6.622860000">
        <ele>2053.000</ele>
      </trkpt>
      <trkpt lat="45.396940000" lon="6.622850000">
        <ele>2054.000</ele>
      </trkpt>
      <trkpt lat="45.396830000" lon="6.622660000">
        <ele>2055.000</ele>
      </trkpt>
      <trkpt lat="45.396680000" lon="6.622510000">
        <ele>2057.000</ele>
      </trkpt>
      <trkpt lat="45.396650000" lon="6.622490000">
        <ele>2058.000</ele>
      </trkpt>
      <trkpt lat="45.396590000" lon="6.622400000">
        <ele>2059.000</ele>
      </trkpt>
      <trkpt lat="45.396530000" lon="6.622220000">
        <ele>2060.000</ele>
      </trkpt>
      <trkpt lat="45.396500000" lon="6.622080000">
        <ele>2061.000</ele>
      </trkpt>
      <trkpt lat="45.396460000" lon="6.621900000">
        <ele>2063.000</ele>
      </trkpt>
      <trkpt lat="45.396450000" lon="6.621840000">
        <ele>2064.000</ele>
      </trkpt>
      <trkpt lat="45.396400000" lon="6.621600000">
        <ele>2065.000</ele>
      </trkpt>
      <trkpt lat="45.396400000" lon="6.621590000">
        <ele>2065.000</ele>
      </trkpt>
      <trkpt lat="45.396370000" lon="6.621340000">
        <ele>2067.000</ele>
      </trkpt>
      <trkpt lat="45.396350000" lon="6.621060000">
        <ele>2068.000</ele>
      </trkpt>
      <trkpt lat="45.396320000" lon="6.620880000">
        <ele>2069.000</ele>
      </trkpt>
      <trkpt lat="45.396320000" lon="6.620870000">
        <ele>2070.000</ele>
      </trkpt>
      <trkpt lat="45.396220000" lon="6.620660000">
        <ele>2071.000</ele>
      </trkpt>
      <trkpt lat="45.396150000" lon="6.620530000">
        <ele>2073.000</ele>
      </trkpt>
      <trkpt lat="45.396110000" lon="6.620440000">
        <ele>2074.000</ele>
      </trkpt>
      <trkpt lat="45.396050000" lon="6.620360000">
        <ele>2075.000</ele>
      </trkpt>
      <trkpt lat="45.395990000" lon="6.620270000">
        <ele>2075.000</ele>
      </trkpt>
      <trkpt lat="45.395970000" lon="6.620250000">
        <ele>2076.000</ele>
      </trkpt>
      <trkpt lat="45.395940000" lon="6.620100000">
        <ele>2077.000</ele>
      </trkpt>
      <trkpt lat="45.395930000" lon="6.620030000">
        <ele>2077.000</ele>
      </trkpt>
      <trkpt lat="45.395910000" lon="6.619920000">
        <ele>2077.000</ele>
      </trkpt>
      <trkpt lat="45.395890000" lon="6.619830000">
        <ele>2077.000</ele>
      </trkpt>
      <trkpt lat="45.395880000" lon="6.619790000">
        <ele>2077.000</ele>
      </trkpt>
      <trkpt lat="45.395870000" lon="6.619690000">
        <ele>2076.000</ele>
      </trkpt>
      <trkpt lat="45.395880000" lon="6.619540000">
        <ele>2075.000</ele>
      </trkpt>
      <trkpt lat="45.395920000" lon="6.619430000">
        <ele>2075.000</ele>
      </trkpt>
      <trkpt lat="45.395980000" lon="6.619290000">
        <ele>2074.000</ele>
      </trkpt>
      <trkpt lat="45.396030000" lon="6.619200000">
        <ele>2073.000</ele>
      </trkpt>
      <trkpt lat="45.396070000" lon="6.619150000">
        <ele>2072.000</ele>
      </trkpt>
      <trkpt lat="45.396120000" lon="6.619110000">
        <ele>2071.000</ele>
      </trkpt>
      <trkpt lat="45.396210000" lon="6.619000000">
        <ele>2070.000</ele>
      </trkpt>
      <trkpt lat="45.396270000" lon="6.618920000">
        <ele>2069.000</ele>
      </trkpt>
      <trkpt lat="45.396340000" lon="6.618840000">
        <ele>2068.000</ele>
      </trkpt>
      <trkpt lat="45.396410000" lon="6.618760000">
        <ele>2067.000</ele>
      </trkpt>
      <trkpt lat="45.396480000" lon="6.618690000">
        <ele>2066.000</ele>
      </trkpt>
      <trkpt lat="45.396510000" lon="6.618670000">
        <ele>2065.000</ele>
      </trkpt>
      <trkpt lat="45.396510000" lon="6.618670000">
        <ele>2065.000</ele>
      </trkpt>
      <trkpt lat="45.396550000" lon="6.618630000">
        <ele>2064.000</ele>
      </trkpt>
      <trkpt lat="45.396560000" lon="6.618620000">
        <ele>2064.000</ele>
      </trkpt>
      <trkpt lat="45.396720000" lon="6.618520000">
        <ele>2063.000</ele>
      </trkpt>
      <trkpt lat="45.396730000" lon="6.618510000">
        <ele>2062.000</ele>
      </trkpt>
      <trkpt lat="45.396800000" lon="6.618450000">
        <ele>2061.000</ele>
      </trkpt>
      <trkpt lat="45.396870000" lon="6.618360000">
        <ele>2061.000</ele>
      </trkpt>
      <trkpt lat="45.396920000" lon="6.618320000">
        <ele>2060.000</ele>
      </trkpt>
      <trkpt lat="45.396960000" lon="6.618260000">
        <ele>2059.000</ele>
      </trkpt>
      <trkpt lat="45.397000000" lon="6.618180000">
        <ele>2058.000</ele>
      </trkpt>
      <trkpt lat="45.397070000" lon="6.618020000">
        <ele>2058.000</ele>
      </trkpt>
      <trkpt lat="45.397110000" lon="6.617950000">
        <ele>2057.000</ele>
      </trkpt>
      <trkpt lat="45.397150000" lon="6.617860000">
        <ele>2057.000</ele>
      </trkpt>
      <trkpt lat="45.397190000" lon="6.617760000">
        <ele>2056.000</ele>
      </trkpt>
      <trkpt lat="45.397190000" lon="6.617750000">
        <ele>2056.000</ele>
      </trkpt>
      <trkpt lat="45.397200000" lon="6.617720000">
        <ele>2056.000</ele>
      </trkpt>
      <trkpt lat="45.397220000" lon="6.617600000">
        <ele>2056.000</ele>
      </trkpt>
      <trkpt lat="45.397230000" lon="6.617510000">
        <ele>2055.000</ele>
      </trkpt>
      <trkpt lat="45.397250000" lon="6.617360000">
        <ele>2055.000</ele>
      </trkpt>
      <trkpt lat="45.397250000" lon="6.617250000">
        <ele>2055.000</ele>
      </trkpt>
      <trkpt lat="45.397260000" lon="6.617150000">
        <ele>2054.000</ele>
      </trkpt>
      <trkpt lat="45.397270000" lon="6.617060000">
        <ele>2054.000</ele>
      </trkpt>
      <trkpt lat="45.397300000" lon="6.617010000">
        <ele>2054.000</ele>
      </trkpt>
      <trkpt lat="45.397310000" lon="6.617000000">
        <ele>2053.000</ele>
      </trkpt>
      <trkpt lat="45.397420000" lon="6.616970000">
        <ele>2053.000</ele>
      </trkpt>
      <trkpt lat="45.397470000" lon="6.616970000">
        <ele>2053.000</ele>
      </trkpt>
      <trkpt lat="45.397610000" lon="6.616960000">
        <ele>2052.000</ele>
      </trkpt>
      <trkpt lat="45.397650000" lon="6.616940000">
        <ele>2052.000</ele>
      </trkpt>
      <trkpt lat="45.397650000" lon="6.616940000">
        <ele>2052.000</ele>
      </trkpt>
      <trkpt lat="45.397670000" lon="6.616900000">
        <ele>2052.000</ele>
      </trkpt>
      <trkpt lat="45.397680000" lon="6.616810000">
        <ele>2051.000</ele>
      </trkpt>
      <trkpt lat="45.397700000" lon="6.616780000">
        <ele>2051.000</ele>
      </trkpt>
      <trkpt lat="45.397730000" lon="6.616750000">
        <ele>2051.000</ele>
      </trkpt>
      <trkpt lat="45.397790000" lon="6.616710000">
        <ele>2051.000</ele>
      </trkpt>
      <trkpt lat="45.397870000" lon="6.616680000">
        <ele>2050.000</ele>
      </trkpt>
      <trkpt lat="45.397940000" lon="6.616660000">
        <ele>2050.000</ele>
      </trkpt>
      <trkpt lat="45.398170000" lon="6.616620000">
        <ele>2050.000</ele>
      </trkpt>
      <trkpt lat="45.398220000" lon="6.616610000">
        <ele>2049.000</ele>
      </trkpt>
      <trkpt lat="45.398240000" lon="6.616600000">
        <ele>2049.000</ele>
      </trkpt>
      <trkpt lat="45.398300000" lon="6.616570000">
        <ele>2049.000</ele>
      </trkpt>
      <trkpt lat="45.398350000" lon="6.616540000">
        <ele>2049.000</ele>
      </trkpt>
      <trkpt lat="45.398380000" lon="6.616490000">
        <ele>2049.000</ele>
      </trkpt>
      <trkpt lat="45.398460000" lon="6.616400000">
        <ele>2048.000</ele>
      </trkpt>
      <trkpt lat="45.398570000" lon="6.616220000">
        <ele>2048.000</ele>
      </trkpt>
      <trkpt lat="45.398670000" lon="6.616050000">
        <ele>2048.000</ele>
      </trkpt>
      <trkpt lat="45.398770000" lon="6.615950000">
        <ele>2048.000</ele>
      </trkpt>
      <trkpt lat="45.398820000" lon="6.615930000">
        <ele>2048.000</ele>
      </trkpt>
      <trkpt lat="45.398910000" lon="6.616050000">
        <ele>2048.000</ele>
      </trkpt>
      <trkpt lat="45.398990000" lon="6.616180000">
        <ele>2048.000</ele>
      </trkpt>
      <trkpt lat="45.399070000" lon="6.616330000">
        <ele>2048.000</ele>
      </trkpt>
      <trkpt lat="45.399190000" lon="6.616510000">
        <ele>2048.000</ele>
      </trkpt>
      <trkpt lat="45.399310000" lon="6.616680000">
        <ele>2048.000</ele>
      </trkpt>
      <trkpt lat="45.399320000" lon="6.616690000">
        <ele>2048.000</ele>
      </trkpt>
      <trkpt lat="45.399360000" lon="6.616740000">
        <ele>2048.000</ele>
      </trkpt>
      <trkpt lat="45.399420000" lon="6.616780000">
        <ele>2048.000</ele>
      </trkpt>
      <trkpt lat="45.399490000" lon="6.616810000">
        <ele>2048.000</ele>
      </trkpt>
      <trkpt lat="45.399640000" lon="6.616850000">
        <ele>2048.000</ele>
      </trkpt>
      <trkpt lat="45.399780000" lon="6.616900000">
        <ele>2048.000</ele>
      </trkpt>
      <trkpt lat="45.399830000" lon="6.616930000">
        <ele>2048.000</ele>
      </trkpt>
      <trkpt lat="45.399840000" lon="6.616940000">
        <ele>2048.000</ele>
      </trkpt>
      <trkpt lat="45.399980000" lon="6.617050000">
        <ele>2048.000</ele>
      </trkpt>
      <trkpt lat="45.399990000" lon="6.617050000">
        <ele>2048.000</ele>
      </trkpt>
      <trkpt lat="45.400150000" lon="6.617140000">
        <ele>2048.000</ele>
      </trkpt>
      <trkpt lat="45.400230000" lon="6.617180000">
        <ele>2049.000</ele>
      </trkpt>
      <trkpt lat="45.400300000" lon="6.617240000">
        <ele>2049.000</ele>
      </trkpt>
      <trkpt lat="45.400320000" lon="6.617250000">
        <ele>2049.000</ele>
      </trkpt>
      <trkpt lat="45.400370000" lon="6.617280000">
        <ele>2049.000</ele>
      </trkpt>
      <trkpt lat="45.400520000" lon="6.617350000">
        <ele>2049.000</ele>
      </trkpt>
      <trkpt lat="45.400580000" lon="6.617390000">
        <ele>2049.000</ele>
      </trkpt>
      <trkpt lat="45.400630000" lon="6.617440000">
        <ele>2050.000</ele>
      </trkpt>
      <trkpt lat="45.400640000" lon="6.617450000">
        <ele>2050.000</ele>
      </trkpt>
      <trkpt lat="45.400810000" lon="6.617560000">
        <ele>2050.000</ele>
      </trkpt>
      <trkpt lat="45.400880000" lon="6.617610000">
        <ele>2050.000</ele>
      </trkpt>
      <trkpt lat="45.400940000" lon="6.617670000">
        <ele>2050.000</ele>
      </trkpt>
      <trkpt lat="45.400960000" lon="6.617690000">
        <ele>2050.000</ele>
      </trkpt>
      <trkpt lat="45.401070000" lon="6.617820000">
        <ele>2051.000</ele>
      </trkpt>
      <trkpt lat="45.401100000" lon="6.617850000">
        <ele>2051.000</ele>
      </trkpt>
      <trkpt lat="45.401140000" lon="6.617880000">
        <ele>2051.000</ele>
      </trkpt>
      <trkpt lat="45.401260000" lon="6.617970000">
        <ele>2051.000</ele>
      </trkpt>
      <trkpt lat="45.401280000" lon="6.617980000">
        <ele>2051.000</ele>
      </trkpt>
      <trkpt lat="45.401550000" lon="6.618260000">
        <ele>2052.000</ele>
      </trkpt>
      <trkpt lat="45.401620000" lon="6.618310000">
        <ele>2052.000</ele>
      </trkpt>
      <trkpt lat="45.401710000" lon="6.618360000">
        <ele>2053.000</ele>
      </trkpt>
      <trkpt lat="45.401720000" lon="6.618360000">
        <ele>2053.000</ele>
      </trkpt>
      <trkpt lat="45.401950000" lon="6.618470000">
        <ele>2054.000</ele>
      </trkpt>
      <trkpt lat="45.402020000" lon="6.618520000">
        <ele>2054.000</ele>
      </trkpt>
      <trkpt lat="45.402050000" lon="6.618550000">
        <ele>2055.000</ele>
      </trkpt>
      <trkpt lat="45.402190000" lon="6.618710000">
        <ele>2055.000</ele>
      </trkpt>
      <trkpt lat="45.402260000" lon="6.618800000">
        <ele>2056.000</ele>
      </trkpt>
      <trkpt lat="45.402380000" lon="6.618960000">
        <ele>2056.000</ele>
      </trkpt>
      <trkpt lat="45.402460000" lon="6.619050000">
        <ele>2057.000</ele>
      </trkpt>
      <trkpt lat="45.402620000" lon="6.619220000">
        <ele>2057.000</ele>
      </trkpt>
      <trkpt lat="45.402670000" lon="6.619240000">
        <ele>2058.000</ele>
      </trkpt>
      <trkpt lat="45.402710000" lon="6.619250000">
        <ele>2058.000</ele>
      </trkpt>
      <trkpt lat="45.402720000" lon="6.619240000">
        <ele>2059.000</ele>
      </trkpt>
      <trkpt lat="45.402750000" lon="6.619230000">
        <ele>2059.000</ele>
      </trkpt>
      <trkpt lat="45.402770000" lon="6.619190000">
        <ele>2059.000</ele>
      </trkpt>
      <trkpt lat="45.402770000" lon="6.619130000">
        <ele>2059.000</ele>
      </trkpt>
      <trkpt lat="45.402760000" lon="6.619060000">
        <ele>2060.000</ele>
      </trkpt>
      <trkpt lat="45.402750000" lon="6.619040000">
        <ele>2060.000</ele>
      </trkpt>
      <trkpt lat="45.402730000" lon="6.618970000">
        <ele>2061.000</ele>
      </trkpt>
      <trkpt lat="45.402650000" lon="6.618800000">
        <ele>2061.000</ele>
      </trkpt>
      <trkpt lat="45.402550000" lon="6.618610000">
        <ele>2063.000</ele>
      </trkpt>
      <trkpt lat="45.402500000" lon="6.618500000">
        <ele>2064.000</ele>
      </trkpt>
      <trkpt lat="45.402430000" lon="6.618420000">
        <ele>2065.000</ele>
      </trkpt>
      <trkpt lat="45.402360000" lon="6.618340000">
        <ele>2066.000</ele>
      </trkpt>
      <trkpt lat="45.401970000" lon="6.618020000">
        <ele>2068.000</ele>
      </trkpt>
      <trkpt lat="45.401920000" lon="6.617980000">
        <ele>2070.000</ele>
      </trkpt>
      <trkpt lat="45.401860000" lon="6.617890000">
        <ele>2072.000</ele>
      </trkpt>
      <trkpt lat="45.401850000" lon="6.617850000">
        <ele>2073.000</ele>
      </trkpt>
      <trkpt lat="45.401790000" lon="6.617660000">
        <ele>2074.000</ele>
      </trkpt>
      <trkpt lat="45.401770000" lon="6.617620000">
        <ele>2075.000</ele>
      </trkpt>
      <trkpt lat="45.401650000" lon="6.617420000">
        <ele>2076.000</ele>
      </trkpt>
      <trkpt lat="45.401650000" lon="6.617410000">
        <ele>2077.000</ele>
      </trkpt>
      <trkpt lat="45.401570000" lon="6.617310000">
        <ele>2078.000</ele>
      </trkpt>
      <trkpt lat="45.401520000" lon="6.617250000">
        <ele>2079.000</ele>
      </trkpt>
      <trkpt lat="45.401430000" lon="6.617150000">
        <ele>2080.000</ele>
      </trkpt>
      <trkpt lat="45.401290000" lon="6.617010000">
        <ele>2081.000</ele>
      </trkpt>
      <trkpt lat="45.401230000" lon="6.616950000">
        <ele>2082.000</ele>
      </trkpt>
      <trkpt lat="45.401150000" lon="6.616860000">
        <ele>2083.000</ele>
      </trkpt>
      <trkpt lat="45.401100000" lon="6.616790000">
        <ele>2084.000</ele>
      </trkpt>
      <trkpt lat="45.401100000" lon="6.616780000">
        <ele>2085.000</ele>
      </trkpt>
      <trkpt lat="45.401070000" lon="6.616700000">
        <ele>2086.000</ele>
      </trkpt>
      <trkpt lat="45.401060000" lon="6.616660000">
        <ele>2086.000</ele>
      </trkpt>
      <trkpt lat="45.401050000" lon="6.616620000">
        <ele>2086.000</ele>
      </trkpt>
      <trkpt lat="45.401050000" lon="6.616580000">
        <ele>2087.000</ele>
      </trkpt>
      <trkpt lat="45.401060000" lon="6.616540000">
        <ele>2087.000</ele>
      </trkpt>
      <trkpt lat="45.401110000" lon="6.616520000">
        <ele>2088.000</ele>
      </trkpt>
      <trkpt lat="45.401140000" lon="6.616520000">
        <ele>2088.000</ele>
      </trkpt>
      <trkpt lat="45.401170000" lon="6.616530000">
        <ele>2088.000</ele>
      </trkpt>
      <trkpt lat="45.401360000" lon="6.616640000">
        <ele>2089.000</ele>
      </trkpt>
      <trkpt lat="45.401440000" lon="6.616700000">
        <ele>2090.000</ele>
      </trkpt>
      <trkpt lat="45.401490000" lon="6.616760000">
        <ele>2091.000</ele>
      </trkpt>
      <trkpt lat="45.401540000" lon="6.616840000">
        <ele>2091.000</ele>
      </trkpt>
      <trkpt lat="45.401570000" lon="6.616880000">
        <ele>2092.000</ele>
      </trkpt>
      <trkpt lat="45.401570000" lon="6.616890000">
        <ele>2092.000</ele>
      </trkpt>
      <trkpt lat="45.401610000" lon="6.616930000">
        <ele>2093.000</ele>
      </trkpt>
      <trkpt lat="45.401650000" lon="6.616960000">
        <ele>2093.000</ele>
      </trkpt>
      <trkpt lat="45.401680000" lon="6.616970000">
        <ele>2094.000</ele>
      </trkpt>
      <trkpt lat="45.401720000" lon="6.616970000">
        <ele>2094.000</ele>
      </trkpt>
      <trkpt lat="45.401730000" lon="6.616970000">
        <ele>2094.000</ele>
      </trkpt>
      <trkpt lat="45.401900000" lon="6.616970000">
        <ele>2095.000</ele>
      </trkpt>
      <trkpt lat="45.401940000" lon="6.616970000">
        <ele>2096.000</ele>
      </trkpt>
      <trkpt lat="45.401960000" lon="6.616990000">
        <ele>2096.000</ele>
      </trkpt>
      <trkpt lat="45.401990000" lon="6.617010000">
        <ele>2097.000</ele>
      </trkpt>
      <trkpt lat="45.402210000" lon="6.617220000">
        <ele>2097.000</ele>
      </trkpt>
      <trkpt lat="45.402210000" lon="6.617230000">
        <ele>2098.000</ele>
      </trkpt>
      <trkpt lat="45.402270000" lon="6.617290000">
        <ele>2098.000</ele>
      </trkpt>
      <trkpt lat="45.402350000" lon="6.617350000">
        <ele>2099.000</ele>
      </trkpt>
      <trkpt lat="45.402420000" lon="6.617390000">
        <ele>2099.000</ele>
      </trkpt>
      <trkpt lat="45.402530000" lon="6.617450000">
        <ele>2100.000</ele>
      </trkpt>
      <trkpt lat="45.402590000" lon="6.617470000">
        <ele>2100.000</ele>
      </trkpt>
      <trkpt lat="45.402710000" lon="6.617510000">
        <ele>2101.000</ele>
      </trkpt>
      <trkpt lat="45.402760000" lon="6.617530000">
        <ele>2101.000</ele>
      </trkpt>
      <trkpt lat="45.402880000" lon="6.617570000">
        <ele>2101.000</ele>
      </trkpt>
      <trkpt lat="45.402990000" lon="6.617610000">
        <ele>2102.000</ele>
      </trkpt>
      <trkpt lat="45.403030000" lon="6.617620000">
        <ele>2102.000</ele>
      </trkpt>
      <trkpt lat="45.403120000" lon="6.617630000">
        <ele>2103.000</ele>
      </trkpt>
      <trkpt lat="45.403230000" lon="6.617620000">
        <ele>2103.000</ele>
      </trkpt>
      <trkpt lat="45.403240000" lon="6.617620000">
        <ele>2104.000</ele>
      </trkpt>
      <trkpt lat="45.403260000" lon="6.617610000">
        <ele>2104.000</ele>
      </trkpt>
      <trkpt lat="45.403410000" lon="6.617550000">
        <ele>2104.000</ele>
      </trkpt>
      <trkpt lat="45.403480000" lon="6.617520000">
        <ele>2105.000</ele>
      </trkpt>
      <trkpt lat="45.403520000" lon="6.617520000">
        <ele>2105.000</ele>
      </trkpt>
      <trkpt lat="45.403550000" lon="6.617530000">
        <ele>2105.000</ele>
      </trkpt>
      <trkpt lat="45.403580000" lon="6.617550000">
        <ele>2105.000</ele>
      </trkpt>
      <trkpt lat="45.403590000" lon="6.617560000">
        <ele>2106.000</ele>
      </trkpt>
      <trkpt lat="45.403680000" lon="6.617620000">
        <ele>2106.000</ele>
      </trkpt>
      <trkpt lat="45.403730000" lon="6.617660000">
        <ele>2106.000</ele>
      </trkpt>
      <trkpt lat="45.403810000" lon="6.617680000">
        <ele>2107.000</ele>
      </trkpt>
      <trkpt lat="45.403840000" lon="6.617680000">
        <ele>2107.000</ele>
      </trkpt>
      <trkpt lat="45.404030000" lon="6.617640000">
        <ele>2108.000</ele>
      </trkpt>
      <trkpt lat="45.404110000" lon="6.617640000">
        <ele>2109.000</ele>
      </trkpt>
      <trkpt lat="45.404180000" lon="6.617640000">
        <ele>2110.000</ele>
      </trkpt>
      <trkpt lat="45.404280000" lon="6.617660000">
        <ele>2111.000</ele>
      </trkpt>
      <trkpt lat="45.404450000" lon="6.617690000">
        <ele>2112.000</ele>
      </trkpt>
      <trkpt lat="45.404460000" lon="6.617700000">
        <ele>2113.000</ele>
      </trkpt>
      <trkpt lat="45.404630000" lon="6.617750000">
        <ele>2114.000</ele>
      </trkpt>
      <trkpt lat="45.404710000" lon="6.617780000">
        <ele>2115.000</ele>
      </trkpt>
      <trkpt lat="45.404790000" lon="6.617800000">
        <ele>2116.000</ele>
      </trkpt>
      <trkpt lat="45.404810000" lon="6.617810000">
        <ele>2117.000</ele>
      </trkpt>
      <trkpt lat="45.404910000" lon="6.617840000">
        <ele>2118.000</ele>
      </trkpt>
      <trkpt lat="45.404980000" lon="6.617850000">
        <ele>2119.000</ele>
      </trkpt>
      <trkpt lat="45.405070000" lon="6.617840000">
        <ele>2120.000</ele>
      </trkpt>
      <trkpt lat="45.405090000" lon="6.617840000">
        <ele>2120.000</ele>
      </trkpt>
      <trkpt lat="45.405160000" lon="6.617800000">
        <ele>2121.000</ele>
      </trkpt>
      <trkpt lat="45.405310000" lon="6.617730000">
        <ele>2122.000</ele>
      </trkpt>
      <trkpt lat="45.405460000" lon="6.617650000">
        <ele>2123.000</ele>
      </trkpt>
      <trkpt lat="45.405500000" lon="6.617630000">
        <ele>2124.000</ele>
      </trkpt>
      <trkpt lat="45.405540000" lon="6.617620000">
        <ele>2125.000</ele>
      </trkpt>
      <trkpt lat="45.405590000" lon="6.617620000">
        <ele>2125.000</ele>
      </trkpt>
      <trkpt lat="45.405660000" lon="6.617620000">
        <ele>2125.000</ele>
      </trkpt>
      <trkpt lat="45.405680000" lon="6.617630000">
        <ele>2126.000</ele>
      </trkpt>
      <trkpt lat="45.405740000" lon="6.617650000">
        <ele>2126.000</ele>
      </trkpt>
      <trkpt lat="45.405880000" lon="6.617740000">
        <ele>2126.000</ele>
      </trkpt>
      <trkpt lat="45.405950000" lon="6.617790000">
        <ele>2127.000</ele>
      </trkpt>
      <trkpt lat="45.406080000" lon="6.617880000">
        <ele>2127.000</ele>
      </trkpt>
      <trkpt lat="45.406140000" lon="6.617940000">
        <ele>2128.000</ele>
      </trkpt>
      <trkpt lat="45.406190000" lon="6.617970000">
        <ele>2128.000</ele>
      </trkpt>
      <trkpt lat="45.406240000" lon="6.618000000">
        <ele>2128.000</ele>
      </trkpt>
      <trkpt lat="45.406290000" lon="6.618020000">
        <ele>2128.000</ele>
      </trkpt>
      <trkpt lat="45.406330000" lon="6.618030000">
        <ele>2129.000</ele>
      </trkpt>
      <trkpt lat="45.406440000" lon="6.618060000">
        <ele>2129.000</ele>
      </trkpt>
      <trkpt lat="45.406680000" lon="6.618170000">
        <ele>2129.000</ele>
      </trkpt>
      <trkpt lat="45.406780000" lon="6.618250000">
        <ele>2130.000</ele>
      </trkpt>
      <trkpt lat="45.406820000" lon="6.618280000">
        <ele>2130.000</ele>
      </trkpt>
      <trkpt lat="45.406850000" lon="6.618320000">
        <ele>2130.000</ele>
      </trkpt>
      <trkpt lat="45.406900000" lon="6.618370000">
        <ele>2131.000</ele>
      </trkpt>
      <trkpt lat="45.406960000" lon="6.618440000">
        <ele>2131.000</ele>
      </trkpt>
      <trkpt lat="45.407040000" lon="6.618510000">
        <ele>2131.000</ele>
      </trkpt>
      <trkpt lat="45.407060000" lon="6.618530000">
        <ele>2132.000</ele>
      </trkpt>
      <trkpt lat="45.407080000" lon="6.618540000">
        <ele>2132.000</ele>
      </trkpt>
      <trkpt lat="45.407170000" lon="6.618600000">
        <ele>2132.000</ele>
      </trkpt>
      <trkpt lat="45.407240000" lon="6.618630000">
        <ele>2133.000</ele>
      </trkpt>
      <trkpt lat="45.407270000" lon="6.618640000">
        <ele>2133.000</ele>
      </trkpt>
      <trkpt lat="45.407300000" lon="6.618640000">
        <ele>2134.000</ele>
      </trkpt>
      <trkpt lat="45.407330000" lon="6.618630000">
        <ele>2134.000</ele>
      </trkpt>
      <trkpt lat="45.407370000" lon="6.618620000">
        <ele>2134.000</ele>
      </trkpt>
      <trkpt lat="45.407400000" lon="6.618600000">
        <ele>2135.000</ele>
      </trkpt>
      <trkpt lat="45.407510000" lon="6.618450000">
        <ele>2136.000</ele>
      </trkpt>
      <trkpt lat="45.407520000" lon="6.618430000">
        <ele>2137.000</ele>
      </trkpt>
      <trkpt lat="45.407580000" lon="6.618320000">
        <ele>2138.000</ele>
      </trkpt>
      <trkpt lat="45.407590000" lon="6.618290000">
        <ele>2139.000</ele>
      </trkpt>
      <trkpt lat="45.407610000" lon="6.618220000">
        <ele>2139.000</ele>
      </trkpt>
      <trkpt lat="45.407620000" lon="6.618140000">
        <ele>2140.000</ele>
      </trkpt>
      <trkpt lat="45.407640000" lon="6.617950000">
        <ele>2142.000</ele>
      </trkpt>
      <trkpt lat="45.407640000" lon="6.617930000">
        <ele>2142.000</ele>
      </trkpt>
      <trkpt lat="45.407650000" lon="6.617820000">
        <ele>2143.000</ele>
      </trkpt>
      <trkpt lat="45.407670000" lon="6.617730000">
        <ele>2144.000</ele>
      </trkpt>
      <trkpt lat="45.407680000" lon="6.617700000">
        <ele>2145.000</ele>
      </trkpt>
      <trkpt lat="45.407710000" lon="6.617600000">
        <ele>2146.000</ele>
      </trkpt>
      <trkpt lat="45.407760000" lon="6.617490000">
        <ele>2147.000</ele>
      </trkpt>
      <trkpt lat="45.407790000" lon="6.617420000">
        <ele>2148.000</ele>
      </trkpt>
      <trkpt lat="45.407810000" lon="6.617380000">
        <ele>2149.000</ele>
      </trkpt>
      <trkpt lat="45.407890000" lon="6.617270000">
        <ele>2150.000</ele>
      </trkpt>
      <trkpt lat="45.407920000" lon="6.617250000">
        <ele>2151.000</ele>
      </trkpt>
      <trkpt lat="45.407980000" lon="6.617210000">
        <ele>2152.000</ele>
      </trkpt>
      <trkpt lat="45.408080000" lon="6.617160000">
        <ele>2153.000</ele>
      </trkpt>
      <trkpt lat="45.408090000" lon="6.617160000">
        <ele>2154.000</ele>
      </trkpt>
      <trkpt lat="45.408200000" lon="6.617130000">
        <ele>2155.000</ele>
      </trkpt>
      <trkpt lat="45.408260000" lon="6.617100000">
        <ele>2156.000</ele>
      </trkpt>
      <trkpt lat="45.408320000" lon="6.617080000">
        <ele>2157.000</ele>
      </trkpt>
      <trkpt lat="45.408430000" lon="6.617010000">
        <ele>2158.000</ele>
      </trkpt>
      <trkpt lat="45.408440000" lon="6.617010000">
        <ele>2159.000</ele>
      </trkpt>
      <trkpt lat="45.408530000" lon="6.616940000">
        <ele>2160.000</ele>
      </trkpt>
      <trkpt lat="45.408590000" lon="6.616900000">
        <ele>2161.000</ele>
      </trkpt>
      <trkpt lat="45.408740000" lon="6.616800000">
        <ele>2162.000</ele>
      </trkpt>
      <trkpt lat="45.408760000" lon="6.616800000">
        <ele>2162.000</ele>
      </trkpt>
      <trkpt lat="45.408840000" lon="6.616760000">
        <ele>2163.000</ele>
      </trkpt>
      <trkpt lat="45.408930000" lon="6.616750000">
        <ele>2164.000</ele>
      </trkpt>
      <trkpt lat="45.408950000" lon="6.616740000">
        <ele>2165.000</ele>
      </trkpt>
      <trkpt lat="45.409070000" lon="6.616710000">
        <ele>2165.000</ele>
      </trkpt>
      <trkpt lat="45.409110000" lon="6.616690000">
        <ele>2166.000</ele>
      </trkpt>
      <trkpt lat="45.409280000" lon="6.616610000">
        <ele>2167.000</ele>
      </trkpt>
      <trkpt lat="45.409300000" lon="6.616600000">
        <ele>2168.000</ele>
      </trkpt>
      <trkpt lat="45.409450000" lon="6.616530000">
        <ele>2169.000</ele>
      </trkpt>
      <trkpt lat="45.409550000" lon="6.616480000">
        <ele>2170.000</ele>
      </trkpt>
      <trkpt lat="45.409620000" lon="6.616450000">
        <ele>2170.000</ele>
      </trkpt>
      <trkpt lat="45.409680000" lon="6.616430000">
        <ele>2171.000</ele>
      </trkpt>
      <trkpt lat="45.409800000" lon="6.616440000">
        <ele>2172.000</ele>
      </trkpt>
      <trkpt lat="45.409830000" lon="6.616440000">
        <ele>2173.000</ele>
      </trkpt>
      <trkpt lat="45.409990000" lon="6.616440000">
        <ele>2174.000</ele>
      </trkpt>
      <trkpt lat="45.410060000" lon="6.616430000">
        <ele>2175.000</ele>
      </trkpt>
      <trkpt lat="45.410120000" lon="6.616410000">
        <ele>2175.000</ele>
      </trkpt>
      <trkpt lat="45.410170000" lon="6.616350000">
        <ele>2176.000</ele>
      </trkpt>
      <trkpt lat="45.410210000" lon="6.616300000">
        <ele>2177.000</ele>
      </trkpt>
      <trkpt lat="45.410280000" lon="6.616160000">
        <ele>2178.000</ele>
      </trkpt>
      <trkpt lat="45.410330000" lon="6.616070000">
        <ele>2179.000</ele>
      </trkpt>
      <trkpt lat="45.410420000" lon="6.616000000">
        <ele>2179.000</ele>
      </trkpt>
      <trkpt lat="45.410440000" lon="6.615980000">
        <ele>2180.000</ele>
      </trkpt>
      <trkpt lat="45.410540000" lon="6.615930000">
        <ele>2181.000</ele>
      </trkpt>
      <trkpt lat="45.410590000" lon="6.615920000">
        <ele>2182.000</ele>
      </trkpt>
      <trkpt lat="45.410640000" lon="6.615920000">
        <ele>2183.000</ele>
      </trkpt>
      <trkpt lat="45.410720000" lon="6.615930000">
        <ele>2183.000</ele>
      </trkpt>
      <trkpt lat="45.410770000" lon="6.615930000">
        <ele>2184.000</ele>
      </trkpt>
      <trkpt lat="45.410830000" lon="6.615860000">
        <ele>2185.000</ele>
      </trkpt>
      <trkpt lat="45.410850000" lon="6.615820000">
        <ele>2185.000</ele>
      </trkpt>
      <trkpt lat="45.410900000" lon="6.615680000">
        <ele>2186.000</ele>
      </trkpt>
      <trkpt lat="45.410900000" lon="6.615580000">
        <ele>2187.000</ele>
      </trkpt>
      <trkpt lat="45.410910000" lon="6.615540000">
        <ele>2188.000</ele>
      </trkpt>
      <trkpt lat="45.410900000" lon="6.615420000">
        <ele>2188.000</ele>
      </trkpt>
      <trkpt lat="45.410860000" lon="6.615340000">
        <ele>2189.000</ele>
      </trkpt>
      <trkpt lat="45.410840000" lon="6.615270000">
        <ele>2190.000</ele>
      </trkpt>
      <trkpt lat="45.410780000" lon="6.615200000">
        <ele>2190.000</ele>
      </trkpt>
      <trkpt lat="45.410740000" lon="6.615160000">
        <ele>2191.000</ele>
      </trkpt>
      <trkpt lat="45.410670000" lon="6.615100000">
        <ele>2192.000</ele>
      </trkpt>
      <trkpt lat="45.410550000" lon="6.615080000">
        <ele>2193.000</ele>
      </trkpt>
      <trkpt lat="45.410390000" lon="6.615040000">
        <ele>2194.000</ele>
      </trkpt>
      <trkpt lat="45.410300000" lon="6.615010000">
        <ele>2195.000</ele>
      </trkpt>
      <trkpt lat="45.410230000" lon="6.615010000">
        <ele>2196.000</ele>
      </trkpt>
      <trkpt lat="45.410130000" lon="6.615030000">
        <ele>2198.000</ele>
      </trkpt>
      <trkpt lat="45.410040000" lon="6.615080000">
        <ele>2199.000</ele>
      </trkpt>
      <trkpt lat="45.409970000" lon="6.615120000">
        <ele>2201.000</ele>
      </trkpt>
      <trkpt lat="45.409870000" lon="6.615130000">
        <ele>2202.000</ele>
      </trkpt>
      <trkpt lat="45.409860000" lon="6.615130000">
        <ele>2203.000</ele>
      </trkpt>
      <trkpt lat="45.409690000" lon="6.615060000">
        <ele>2205.000</ele>
      </trkpt>
      <trkpt lat="45.409660000" lon="6.615050000">
        <ele>2206.000</ele>
      </trkpt>
      <trkpt lat="45.409510000" lon="6.615000000">
        <ele>2208.000</ele>
      </trkpt>
      <trkpt lat="45.409360000" lon="6.614900000">
        <ele>2210.000</ele>
      </trkpt>
      <trkpt lat="45.409220000" lon="6.614730000">
        <ele>2212.000</ele>
      </trkpt>
      <trkpt lat="45.409180000" lon="6.614680000">
        <ele>2214.000</ele>
      </trkpt>
      <trkpt lat="45.409170000" lon="6.614670000">
        <ele>2216.000</ele>
      </trkpt>
      <trkpt lat="45.409170000" lon="6.614670000">
        <ele>2217.000</ele>
      </trkpt>
      <trkpt lat="45.409080000" lon="6.614560000">
        <ele>2218.000</ele>
      </trkpt>
      <trkpt lat="45.409050000" lon="6.614520000">
        <ele>2219.000</ele>
      </trkpt>
      <trkpt lat="45.409000000" lon="6.614460000">
        <ele>2220.000</ele>
      </trkpt>
      <trkpt lat="45.408910000" lon="6.614390000">
        <ele>2221.000</ele>
      </trkpt>
      <trkpt lat="45.408840000" lon="6.614340000">
        <ele>2223.000</ele>
      </trkpt>
      <trkpt lat="45.408770000" lon="6.614310000">
        <ele>2224.000</ele>
      </trkpt>
      <trkpt lat="45.408610000" lon="6.614220000">
        <ele>2226.000</ele>
      </trkpt>
      <trkpt lat="45.408600000" lon="6.614220000">
        <ele>2227.000</ele>
      </trkpt>
      <trkpt lat="45.408430000" lon="6.614140000">
        <ele>2228.000</ele>
      </trkpt>
      <trkpt lat="45.408280000" lon="6.614070000">
        <ele>2228.000</ele>
      </trkpt>
      <trkpt lat="45.408260000" lon="6.614060000">
        <ele>2229.000</ele>
      </trkpt>
      <trkpt lat="45.408090000" lon="6.613990000">
        <ele>2229.000</ele>
      </trkpt>
      <trkpt lat="45.408080000" lon="6.613950000">
        <ele>2229.000</ele>
      </trkpt>
      <trkpt lat="45.408060000" lon="6.613920000">
        <ele>2229.000</ele>
      </trkpt>
      <trkpt lat="45.408040000" lon="6.613910000">
        <ele>2229.000</ele>
      </trkpt>
      <trkpt lat="45.408010000" lon="6.613890000">
        <ele>2229.000</ele>
      </trkpt>
      <trkpt lat="45.407620000" lon="6.613820000">
        <ele>2229.000</ele>
      </trkpt>
      <trkpt lat="45.407330000" lon="6.613730000">
        <ele>2229.000</ele>
      </trkpt>
      <trkpt lat="45.407060000" lon="6.613640000">
        <ele>2229.000</ele>
      </trkpt>
      <trkpt lat="45.407050000" lon="6.613640000">
        <ele>2229.000</ele>
      </trkpt>
      <trkpt lat="45.406950000" lon="6.613590000">
        <ele>2229.000</ele>
      </trkpt>
      <trkpt lat="45.406840000" lon="6.613530000">
        <ele>2229.000</ele>
      </trkpt>
      <trkpt lat="45.406700000" lon="6.613440000">
        <ele>2229.000</ele>
      </trkpt>
      <trkpt lat="45.406590000" lon="6.613360000">
        <ele>2228.000</ele>
      </trkpt>
      <trkpt lat="45.406490000" lon="6.613260000">
        <ele>2228.000</ele>
      </trkpt>
      <trkpt lat="45.406420000" lon="6.613190000">
        <ele>2228.000</ele>
      </trkpt>
      <trkpt lat="45.406400000" lon="6.613170000">
        <ele>2228.000</ele>
      </trkpt>
      <trkpt lat="45.406370000" lon="6.613120000">
        <ele>2228.000</ele>
      </trkpt>
      <trkpt lat="45.406300000" lon="6.613010000">
        <ele>2228.000</ele>
      </trkpt>
      <trkpt lat="45.406280000" lon="6.612980000">
        <ele>2228.000</ele>
      </trkpt>
      <trkpt lat="45.406210000" lon="6.612840000">
        <ele>2227.000</ele>
      </trkpt>
      <trkpt lat="45.406190000" lon="6.612800000">
        <ele>2227.000</ele>
      </trkpt>
      <trkpt lat="45.406180000" lon="6.612770000">
        <ele>2227.000</ele>
      </trkpt>
      <trkpt lat="45.406150000" lon="6.612640000">
        <ele>2227.000</ele>
      </trkpt>
      <trkpt lat="45.406130000" lon="6.612440000">
        <ele>2227.000</ele>
      </trkpt>
      <trkpt lat="45.406120000" lon="6.612340000">
        <ele>2227.000</ele>
      </trkpt>
      <trkpt lat="45.406140000" lon="6.612190000">
        <ele>2227.000</ele>
      </trkpt>
      <trkpt lat="45.406150000" lon="6.612060000">
        <ele>2227.000</ele>
      </trkpt>
      <trkpt lat="45.406150000" lon="6.612050000">
        <ele>2226.000</ele>
      </trkpt>
      <trkpt lat="45.406150000" lon="6.611940000">
        <ele>2226.000</ele>
      </trkpt>
      <trkpt lat="45.406140000" lon="6.611840000">
        <ele>2226.000</ele>
      </trkpt>
      <trkpt lat="45.406130000" lon="6.611790000">
        <ele>2226.000</ele>
      </trkpt>
      <trkpt lat="45.406110000" lon="6.611690000">
        <ele>2226.000</ele>
      </trkpt>
      <trkpt lat="45.406090000" lon="6.611390000">
        <ele>2226.000</ele>
      </trkpt>
      <trkpt lat="45.406080000" lon="6.611200000">
        <ele>2226.000</ele>
      </trkpt>
      <trkpt lat="45.406100000" lon="6.610950000">
        <ele>2226.000</ele>
      </trkpt>
      <trkpt lat="45.406160000" lon="6.610790000">
        <ele>2227.000</ele>
      </trkpt>
      <trkpt lat="45.406190000" lon="6.610710000">
        <ele>2227.000</ele>
      </trkpt>
      <trkpt lat="45.406220000" lon="6.610640000">
        <ele>2228.000</ele>
      </trkpt>
      <trkpt lat="45.406290000" lon="6.610510000">
        <ele>2228.000</ele>
      </trkpt>
      <trkpt lat="45.406300000" lon="6.610510000">
        <ele>2229.000</ele>
      </trkpt>
      <trkpt lat="45.406410000" lon="6.610310000">
        <ele>2229.000</ele>
      </trkpt>
      <trkpt lat="45.406450000" lon="6.610220000">
        <ele>2230.000</ele>
      </trkpt>
      <trkpt lat="45.406470000" lon="6.610140000">
        <ele>2230.000</ele>
      </trkpt>
      <trkpt lat="45.406480000" lon="6.610080000">
        <ele>2230.000</ele>
      </trkpt>
      <trkpt lat="45.406490000" lon="6.610070000">
        <ele>2231.000</ele>
      </trkpt>
      <trkpt lat="45.406490000" lon="6.610010000">
        <ele>2231.000</ele>
      </trkpt>
      <trkpt lat="45.406490000" lon="6.609920000">
        <ele>2231.000</ele>
      </trkpt>
      <trkpt lat="45.406480000" lon="6.609840000">
        <ele>2232.000</ele>
      </trkpt>
      <trkpt lat="45.406480000" lon="6.609830000">
        <ele>2232.000</ele>
      </trkpt>
      <trkpt lat="45.406460000" lon="6.609700000">
        <ele>2232.000</ele>
      </trkpt>
      <trkpt lat="45.406430000" lon="6.609580000">
        <ele>2232.000</ele>
      </trkpt>
      <trkpt lat="45.406370000" lon="6.609340000">
        <ele>2233.000</ele>
      </trkpt>
      <trkpt lat="45.406360000" lon="6.609320000">
        <ele>2233.000</ele>
      </trkpt>
      <trkpt lat="45.406320000" lon="6.609090000">
        <ele>2234.000</ele>
      </trkpt>
      <trkpt lat="45.406300000" lon="6.608990000">
        <ele>2234.000</ele>
      </trkpt>
      <trkpt lat="45.406270000" lon="6.608850000">
        <ele>2235.000</ele>
      </trkpt>
      <trkpt lat="45.406240000" lon="6.608670000">
        <ele>2236.000</ele>
      </trkpt>
      <trkpt lat="45.406240000" lon="6.608590000">
        <ele>2237.000</ele>
      </trkpt>
      <trkpt lat="45.406230000" lon="6.608500000">
        <ele>2237.000</ele>
      </trkpt>
      <trkpt lat="45.406230000" lon="6.608380000">
        <ele>2238.000</ele>
      </trkpt>
      <trkpt lat="45.406240000" lon="6.608340000">
        <ele>2239.000</ele>
      </trkpt>
      <trkpt lat="45.406260000" lon="6.608260000">
        <ele>2239.000</ele>
      </trkpt>
      <trkpt lat="45.406290000" lon="6.608200000">
        <ele>2240.000</ele>
      </trkpt>
      <trkpt lat="45.406310000" lon="6.608160000">
        <ele>2240.000</ele>
      </trkpt>
      <trkpt lat="45.406350000" lon="6.608120000">
        <ele>2240.000</ele>
      </trkpt>
      <trkpt lat="45.406380000" lon="6.608080000">
        <ele>2241.000</ele>
      </trkpt>
      <trkpt lat="45.406420000" lon="6.608060000">
        <ele>2241.000</ele>
      </trkpt>
      <trkpt lat="45.406460000" lon="6.608040000">
        <ele>2242.000</ele>
      </trkpt>
      <trkpt lat="45.406500000" lon="6.608020000">
        <ele>2242.000</ele>
      </trkpt>
      <trkpt lat="45.406510000" lon="6.608020000">
        <ele>2242.000</ele>
      </trkpt>
      <trkpt lat="45.406550000" lon="6.608000000">
        <ele>2243.000</ele>
      </trkpt>
      <trkpt lat="45.406590000" lon="6.607970000">
        <ele>2243.000</ele>
      </trkpt>
      <trkpt lat="45.406620000" lon="6.607940000">
        <ele>2243.000</ele>
      </trkpt>
      <trkpt lat="45.406660000" lon="6.607910000">
        <ele>2244.000</ele>
      </trkpt>
      <trkpt lat="45.406700000" lon="6.607850000">
        <ele>2244.000</ele>
      </trkpt>
      <trkpt lat="45.406730000" lon="6.607800000">
        <ele>2245.000</ele>
      </trkpt>
      <trkpt lat="45.406750000" lon="6.607750000">
        <ele>2245.000</ele>
      </trkpt>
      <trkpt lat="45.406770000" lon="6.607710000">
        <ele>2245.000</ele>
      </trkpt>
      <trkpt lat="45.406780000" lon="6.607690000">
        <ele>2246.000</ele>
      </trkpt>
      <trkpt lat="45.406800000" lon="6.607620000">
        <ele>2246.000</ele>
      </trkpt>
      <trkpt lat="45.406810000" lon="6.607550000">
        <ele>2246.000</ele>
      </trkpt>
      <trkpt lat="45.406820000" lon="6.607480000">
        <ele>2247.000</ele>
      </trkpt>
      <trkpt lat="45.406810000" lon="6.607470000">
        <ele>2247.000</ele>
      </trkpt>
      <trkpt lat="45.406810000" lon="6.607420000">
        <ele>2247.000</ele>
      </trkpt>
      <trkpt lat="45.406800000" lon="6.607370000">
        <ele>2248.000</ele>
      </trkpt>
      <trkpt lat="45.406780000" lon="6.607290000">
        <ele>2248.000</ele>
      </trkpt>
      <trkpt lat="45.406750000" lon="6.607220000">
        <ele>2249.000</ele>
      </trkpt>
      <trkpt lat="45.406730000" lon="6.607180000">
        <ele>2249.000</ele>
      </trkpt>
      <trkpt lat="45.406700000" lon="6.607130000">
        <ele>2249.000</ele>
      </trkpt>
      <trkpt lat="45.406670000" lon="6.607100000">
        <ele>2250.000</ele>
      </trkpt>
      <trkpt lat="45.406630000" lon="6.607050000">
        <ele>2250.000</ele>
      </trkpt>
      <trkpt lat="45.406570000" lon="6.607000000">
        <ele>2251.000</ele>
      </trkpt>
      <trkpt lat="45.406520000" lon="6.606930000">
        <ele>2251.000</ele>
      </trkpt>
      <trkpt lat="45.406520000" lon="6.606930000">
        <ele>2252.000</ele>
      </trkpt>
      <trkpt lat="45.406420000" lon="6.606850000">
        <ele>2252.000</ele>
      </trkpt>
      <trkpt lat="45.406420000" lon="6.606850000">
        <ele>2253.000</ele>
      </trkpt>
      <trkpt lat="45.406360000" lon="6.606730000">
        <ele>2254.000</ele>
      </trkpt>
      <trkpt lat="45.406360000" lon="6.606730000">
        <ele>2254.000</ele>
      </trkpt>
      <trkpt lat="45.406360000" lon="6.606560000">
        <ele>2255.000</ele>
      </trkpt>
      <trkpt lat="45.406360000" lon="6.606560000">
        <ele>2256.000</ele>
      </trkpt>
      <trkpt lat="45.406460000" lon="6.606370000">
        <ele>2257.000</ele>
      </trkpt>
      <trkpt lat="45.406460000" lon="6.606370000">
        <ele>2258.000</ele>
      </trkpt>
      <trkpt lat="45.406610000" lon="6.606160000">
        <ele>2259.000</ele>
      </trkpt>
      <trkpt lat="45.406610000" lon="6.606160000">
        <ele>2260.000</ele>
      </trkpt>
      <trkpt lat="45.406770000" lon="6.606010000">
        <ele>2261.000</ele>
      </trkpt>
      <trkpt lat="45.406770000" lon="6.606010000">
        <ele>2262.000</ele>
      </trkpt>
      <trkpt lat="45.406770000" lon="6.605900000">
        <ele>2263.000</ele>
      </trkpt>
      <trkpt lat="45.406770000" lon="6.605900000">
        <ele>2264.000</ele>
      </trkpt>
      <trkpt lat="45.406710000" lon="6.605810000">
        <ele>2265.000</ele>
      </trkpt>
      <trkpt lat="45.406710000" lon="6.605810000">
        <ele>2265.000</ele>
      </trkpt>
      <trkpt lat="45.406570000" lon="6.605760000">
        <ele>2266.000</ele>
      </trkpt>
      <trkpt lat="45.406570000" lon="6.605760000">
        <ele>2267.000</ele>
      </trkpt>
      <trkpt lat="45.406490000" lon="6.605700000">
        <ele>2268.000</ele>
      </trkpt>
      <trkpt lat="45.406490000" lon="6.605700000">
        <ele>2269.000</ele>
      </trkpt>
      <trkpt lat="45.406460000" lon="6.605590000">
        <ele>2269.000</ele>
      </trkpt>
      <trkpt lat="45.406460000" lon="6.605590000">
        <ele>2270.000</ele>
      </trkpt>
      <trkpt lat="45.406440000" lon="6.605470000">
        <ele>2271.000</ele>
      </trkpt>
      <trkpt lat="45.406440000" lon="6.605470000">
        <ele>2271.000</ele>
      </trkpt>
      <trkpt lat="45.406500000" lon="6.605320000">
        <ele>2272.000</ele>
      </trkpt>
      <trkpt lat="45.406500000" lon="6.605320000">
        <ele>2272.000</ele>
      </trkpt>
      <trkpt lat="45.406610000" lon="6.605170000">
        <ele>2273.000</ele>
      </trkpt>
      <trkpt lat="45.406610000" lon="6.605170000">
        <ele>2274.000</ele>
      </trkpt>
      <trkpt lat="45.406650000" lon="6.605010000">
        <ele>2275.000</ele>
      </trkpt>
      <trkpt lat="45.406650000" lon="6.605010000">
        <ele>2276.000</ele>
      </trkpt>
      <trkpt lat="45.406680000" lon="6.604860000">
        <ele>2277.000</ele>
      </trkpt>
      <trkpt lat="45.406680000" lon="6.604860000">
        <ele>2277.000</ele>
      </trkpt>
      <trkpt lat="45.406720000" lon="6.604670000">
        <ele>2278.000</ele>
      </trkpt>
      <trkpt lat="45.406720000" lon="6.604670000">
        <ele>2279.000</ele>
      </trkpt>
      <trkpt lat="45.406750000" lon="6.604510000">
        <ele>2280.000</ele>
      </trkpt>
      <trkpt lat="45.406750000" lon="6.604510000">
        <ele>2280.000</ele>
      </trkpt>
      <trkpt lat="45.406790000" lon="6.604350000">
        <ele>2281.000</ele>
      </trkpt>
      <trkpt lat="45.406790000" lon="6.604350000">
        <ele>2282.000</ele>
      </trkpt>
      <trkpt lat="45.406890000" lon="6.604210000">
        <ele>2283.000</ele>
      </trkpt>
      <trkpt lat="45.406890000" lon="6.604210000">
        <ele>2283.000</ele>
      </trkpt>
      <trkpt lat="45.407000000" lon="6.604080000">
        <ele>2284.000</ele>
      </trkpt>
      <trkpt lat="45.407000000" lon="6.604080000">
        <ele>2285.000</ele>
      </trkpt>
      <trkpt lat="45.407020000" lon="6.603940000">
        <ele>2286.000</ele>
      </trkpt>
      <trkpt lat="45.407020000" lon="6.603940000">
        <ele>2286.000</ele>
      </trkpt>
      <trkpt lat="45.406960000" lon="6.603790000">
        <ele>2287.000</ele>
      </trkpt>
      <trkpt lat="45.406960000" lon="6.603790000">
        <ele>2288.000</ele>
      </trkpt>
      <trkpt lat="45.406960000" lon="6.603640000">
        <ele>2289.000</ele>
      </trkpt>
      <trkpt lat="45.406960000" lon="6.603640000">
        <ele>2289.000</ele>
      </trkpt>
      <trkpt lat="45.406980000" lon="6.603480000">
        <ele>2290.000</ele>
      </trkpt>
      <trkpt lat="45.406980000" lon="6.603480000">
        <ele>2290.000</ele>
      </trkpt>
      <trkpt lat="45.407070000" lon="6.603310000">
        <ele>2291.000</ele>
      </trkpt>
      <trkpt lat="45.407070000" lon="6.603310000">
        <ele>2292.000</ele>
      </trkpt>
      <trkpt lat="45.407210000" lon="6.603200000">
        <ele>2293.000</ele>
      </trkpt>
      <trkpt lat="45.407210000" lon="6.603200000">
        <ele>2294.000</ele>
      </trkpt>
      <trkpt lat="45.407360000" lon="6.603120000">
        <ele>2295.000</ele>
      </trkpt>
      <trkpt lat="45.407360000" lon="6.603120000">
        <ele>2296.000</ele>
      </trkpt>
      <trkpt lat="45.407460000" lon="6.603050000">
        <ele>2297.000</ele>
      </trkpt>
      <trkpt lat="45.407460000" lon="6.603050000">
        <ele>2297.000</ele>
      </trkpt>
      <trkpt lat="45.407540000" lon="6.602910000">
        <ele>2298.000</ele>
      </trkpt>
      <trkpt lat="45.407540000" lon="6.602910000">
        <ele>2298.000</ele>
      </trkpt>
      <trkpt lat="45.407570000" lon="6.602790000">
        <ele>2298.000</ele>
      </trkpt>
      <trkpt lat="45.407570000" lon="6.602790000">
        <ele>2299.000</ele>
      </trkpt>
      <trkpt lat="45.407590000" lon="6.602640000">
        <ele>2299.000</ele>
      </trkpt>
    </trkseg>
  </trk>
</gpx>
